grid_cell,n,snowshoe_hare,bobcat,striped_skunk,mule_deer,eastern_gray_squirrel,eastern_chipmunk,douglas_s_squirrel,red_squirrel,grey_fox,american_black_bear,red_fox
1,389,0,0,0,0,0,0,0,0,0,0,0
2,45,0,0,0,0,0,0,0,0,0,0,0
4,1,0,0,0,0,0,0,0,0,0,0,0
8,1,0,0,0,0,0,0,0,0,0,0,0
9,8,0,0,0,0,0,0,0,0,0,0,0
12,16,0,0,0,0,0,0,0,0,0,0,0
15,1,0,0,0,0,0,0,0,0,0,0,0
17,5,0,0,0,0,0,0,0,0,0,0,0
24,1015,0,0,0,0,0,0,0,0,0,0,0
25,11,0,0,0,0,0,0,0,0,0,0,0
26,938,0,0,0,0,0,0,0,0,0,0,0
27,1,0,0,0,0,0,0,0,0,0,0,1
28,61,0,0,0,0,0,0,0,0,0,0,1
29,4,0,0,0,0,0,0,0,0,0,0,4
31,58,0,0,0,0,0,0,0,0,0,0,0
37,2,0,0,0,0,0,0,0,0,0,0,0
38,15,0,0,0,0,0,0,0,0,0,0,0
39,4,0,0,0,0,0,0,0,0,0,0,0
41,4377,0,0,0,0,0,0,0,0,0,0,0
43,4,0,0,0,0,0,0,0,0,0,0,0
44,121,0,0,0,0,0,0,0,0,0,0,0
45,35,0,0,0,0,0,0,0,0,0,0,0
46,172,0,0,0,0,0,0,0,0,0,0,0
55,8,0,0,0,0,0,0,0,0,0,0,0
56,3,0,0,0,0,0,0,0,0,0,0,0
58,2,0,0,0,0,0,0,0,0,0,0,0
59,1,0,0,0,0,0,0,0,0,0,0,0
60,4,0,0,0,0,0,0,0,0,0,0,3
61,138,0,0,0,0,0,0,0,0,0,0,0
62,37,0,0,0,0,0,0,0,0,0,0,0
64,297,6,0,0,0,0,0,0,0,0,0,29
65,74,0,0,0,0,0,0,0,0,0,0,0
66,5,0,0,0,0,0,0,0,0,0,0,0
67,166,0,0,0,0,0,0,0,0,0,0,0
68,89,0,0,0,0,0,0,0,0,0,0,0
72,1,0,0,0,0,0,0,0,0,0,0,0
73,8,1,0,0,0,0,0,0,0,0,0,0
75,1,0,0,0,0,0,0,0,0,0,0,1
77,187,0,0,0,0,0,0,0,0,0,0,4
79,111,0,0,0,0,0,0,0,0,0,0,0
82,27,0,0,0,0,0,0,0,0,0,0,0
84,60,0,0,0,0,0,0,0,0,0,0,0
85,6,0,0,0,0,0,0,0,0,0,0,0
86,46,0,0,0,0,0,0,0,0,0,0,0
90,2,0,0,0,0,0,0,0,0,0,0,0
91,1,0,0,0,0,0,0,0,0,0,0,0
92,5,0,0,0,0,0,0,0,0,0,0,0
95,4,0,0,0,0,0,0,0,0,0,0,2
97,68,0,0,0,0,0,0,0,0,0,0,20
98,27,0,0,0,0,0,0,0,0,0,0,3
99,301,0,0,0,0,0,0,0,0,0,0,0
100,118,0,0,0,0,0,0,0,0,0,0,0
102,1,0,0,0,0,0,0,0,0,0,0,0
105,234,0,0,0,0,0,0,0,1,0,0,0
106,1055,1,0,0,0,0,0,0,3,0,0,0
107,113,0,0,0,0,0,0,0,0,0,0,0
108,30,0,0,0,0,0,0,0,0,0,0,0
113,9,0,0,0,0,0,0,0,0,0,0,0
116,4,0,0,0,0,0,0,0,0,0,0,1
117,23,0,0,0,0,0,0,0,0,0,0,8
118,52,0,0,0,0,0,0,0,0,0,0,2
119,354,0,0,0,0,0,0,0,0,0,0,0
120,13,0,0,0,0,0,0,0,0,0,0,0
122,19,0,0,0,0,0,0,0,0,0,0,0
126,18,0,0,0,0,0,0,0,0,0,0,2
127,1,0,0,0,0,0,0,0,0,0,0,0
128,18,0,0,0,0,0,0,0,0,0,0,0
129,193,0,0,0,0,0,0,0,0,0,0,0
130,34,0,0,0,0,0,0,0,0,0,0,0
131,269,0,0,0,0,0,0,0,0,0,0,0
132,171,0,0,0,0,0,0,0,0,0,0,0
136,2,0,0,0,0,0,0,0,0,0,0,0
137,28,0,0,0,0,0,0,0,0,0,0,9
138,9,0,0,0,0,0,0,0,0,0,0,1
140,1,0,0,0,0,0,0,0,0,0,0,0
143,4,0,0,0,0,0,0,0,0,0,0,3
147,173,0,0,0,0,0,0,0,0,0,0,0
151,301,0,0,0,0,0,0,0,0,0,0,0
152,12,0,0,0,0,0,0,0,0,0,0,0
154,87,0,0,0,0,0,0,0,0,0,0,0
156,4,0,0,0,0,0,0,0,0,0,0,0
158,221,0,0,0,0,0,0,0,0,0,0,0
159,134,0,0,0,0,0,0,0,0,0,0,4
164,2,0,0,0,0,0,0,0,0,0,0,0
170,1,0,0,0,0,0,0,0,0,0,0,0
173,110,0,0,0,0,0,0,0,0,0,0,0
174,556,0,0,0,0,0,0,0,1,0,0,0
175,319,0,0,0,0,0,0,0,0,0,0,0
178,196,0,0,0,0,0,0,0,0,0,0,0
179,5,0,0,0,0,0,0,0,0,0,0,0
180,1162,0,0,0,0,0,0,0,0,0,0,0
181,3,0,0,0,0,0,0,0,0,0,0,0
183,117,0,0,0,0,0,0,0,0,0,0,0
184,1,0,0,0,0,0,0,0,0,0,0,0
185,1,0,0,0,0,0,0,0,0,0,0,0
186,50,0,0,0,0,0,0,0,0,0,0,0
187,109,0,0,0,0,0,0,0,0,0,0,0
188,5,0,0,0,0,0,0,0,0,0,0,0
195,5,0,0,0,0,0,0,0,3,0,0,0
197,186,0,0,0,0,0,0,0,0,0,0,0
199,4,0,0,0,0,0,0,0,0,0,0,0
200,15,0,0,0,0,0,0,0,0,0,0,0
201,4,0,0,0,0,0,0,0,0,0,0,0
202,1,0,0,0,0,0,0,0,0,0,0,0
206,38,0,0,0,0,0,0,0,0,0,0,0
207,313,0,0,0,0,0,0,0,5,0,0,0
208,7,0,0,0,0,0,0,0,0,0,0,0
209,3,0,0,0,0,0,0,0,0,0,0,0
214,80,0,0,0,0,0,0,0,0,0,0,0
219,123,0,0,0,0,0,0,0,0,0,0,0
220,2,0,0,0,0,0,0,0,0,0,0,0
222,1,0,0,0,0,0,0,0,0,0,0,0
226,1,0,0,0,0,0,0,0,0,0,0,0
229,2,0,0,0,0,0,0,0,0,0,0,0
230,7,0,0,0,0,0,0,0,0,0,0,0
231,2,0,0,0,0,0,0,0,0,0,0,0
236,1792,0,0,0,0,0,0,0,0,0,0,0
237,51,0,0,0,0,0,0,0,0,0,0,0
238,8,0,0,0,0,0,0,0,0,0,0,0
239,4,0,0,0,0,0,0,0,0,0,1,1
240,1,0,0,0,0,0,0,0,0,0,0,0
241,3,0,0,0,0,0,0,0,0,0,0,0
243,66,0,0,0,0,0,0,0,1,0,0,0
247,12,0,0,0,0,0,0,0,0,0,0,0
248,19,0,0,0,0,0,0,0,0,0,0,0
254,41,0,0,0,0,0,0,0,0,0,0,0
264,4,0,0,0,0,0,0,0,1,0,0,0
266,1,0,0,0,0,0,0,0,0,0,0,0
268,2,0,0,0,0,0,0,0,0,0,0,0
269,196,0,0,0,0,0,0,0,0,0,1,0
273,10,0,0,0,0,0,0,0,0,0,0,0
274,68,0,0,0,0,0,0,0,2,0,0,0
275,53,0,0,0,0,0,0,0,0,0,0,0
276,1,0,0,0,0,0,0,0,0,0,0,0
277,1,0,0,0,0,0,0,0,0,0,0,0
307,1,0,0,0,0,0,0,0,0,0,0,0
309,9,0,0,0,0,0,0,0,0,0,0,0
310,34,0,0,0,0,0,0,0,0,0,2,1
311,1,0,0,0,0,0,0,0,0,0,0,0
312,17,0,0,0,0,0,0,0,0,0,0,0
313,77,0,0,0,0,0,0,0,4,0,0,0
314,83,1,0,0,0,0,0,0,2,0,0,0
316,1,0,0,0,0,0,0,0,0,0,1,0
345,4,0,0,0,0,0,0,0,0,0,0,0
346,1,0,0,0,0,0,0,0,0,0,0,0
347,1,0,0,0,0,0,0,0,0,0,0,0
349,1,0,0,0,0,0,0,0,0,0,0,0
354,1,0,0,0,0,0,0,0,0,0,0,0
357,1,0,0,0,0,0,0,0,0,0,0,0
368,66,0,0,0,0,0,0,0,0,0,0,0
369,25,0,0,0,0,0,0,0,0,0,0,0
371,30,0,0,0,0,0,0,0,0,0,0,1
372,1977,0,0,0,0,0,0,0,0,0,0,0
373,4,0,0,0,0,0,0,0,0,0,0,0
380,2,0,0,0,0,0,0,0,0,0,0,0
401,1,0,0,0,0,0,0,0,0,0,0,0
404,1,0,0,0,0,0,0,0,0,0,0,0
416,375,0,0,0,0,0,0,0,0,0,0,365
417,1,0,0,0,0,0,0,0,0,0,0,0
419,1,0,0,0,0,0,0,0,0,0,0,0
424,13,0,0,0,0,0,0,0,0,0,1,0
425,4,0,0,0,0,0,0,0,0,0,0,0
428,167,0,0,0,0,0,0,0,1,0,0,6
432,244,0,0,0,0,0,0,0,5,0,0,0
433,23,1,0,0,0,0,0,0,0,0,0,0
434,2,0,0,0,0,0,0,0,0,0,0,0
435,1,0,0,0,0,0,0,0,0,0,0,0
481,15,12,0,0,0,0,0,0,0,0,0,0
482,1,0,0,0,0,0,0,0,0,0,0,0
485,37,0,0,0,0,0,0,0,1,0,0,0
488,1,0,0,0,0,0,0,0,1,0,0,0
490,2,0,0,0,0,0,0,0,0,0,0,0
491,1,0,0,0,0,0,0,0,0,0,0,0
496,446,0,0,0,0,0,0,0,3,0,0,0
498,13,1,0,0,0,0,0,0,1,0,0,0
499,447,4,0,0,0,0,0,0,4,0,0,1
500,830,39,0,0,0,0,0,0,196,0,0,22
501,2021,4,0,0,0,0,0,0,10,0,1,4
502,70,1,0,0,0,0,0,0,1,0,0,0
503,18,0,0,0,0,0,0,0,0,0,0,1
504,8,0,0,0,0,0,0,0,0,0,0,0
505,1,0,0,0,0,0,0,0,0,0,0,0
506,1,0,0,0,0,0,0,0,0,0,0,0
510,6,0,0,0,0,0,0,0,0,0,0,0
515,9,0,0,0,0,0,0,0,0,0,0,0
550,32,2,0,0,0,0,0,0,0,0,0,0
554,2,0,0,0,0,0,0,0,0,0,0,0
562,1,0,0,0,0,0,0,0,0,0,0,0
565,286,0,0,0,0,0,0,0,0,0,0,0
566,213,2,0,0,0,0,0,0,0,0,0,0
567,1464,1,0,0,0,0,0,0,6,0,0,1
568,24,0,0,0,0,0,0,0,0,0,0,0
569,142,0,0,0,1,0,0,0,0,0,0,3
570,90,2,0,0,0,0,0,0,3,0,3,1
571,9,0,0,0,0,0,0,0,0,0,1,0
572,13,0,0,0,0,0,0,0,0,0,0,0
573,68,0,0,0,0,0,0,0,3,0,0,0
574,41,0,0,0,0,0,0,0,0,0,0,0
579,4,0,0,0,0,0,0,0,0,0,0,0
581,58,0,0,0,0,0,0,0,0,0,0,0
582,26,0,0,0,0,0,0,0,0,0,0,0
584,75,0,0,0,0,0,0,0,0,0,0,0
623,35,0,0,0,0,0,0,0,0,0,0,0
624,17,0,0,0,0,0,0,0,0,0,0,0
631,108,0,0,0,0,0,0,0,0,0,0,0
636,48,0,0,0,0,0,0,0,0,0,0,0
640,2,0,0,0,0,0,0,0,0,0,0,0
641,90,0,0,0,0,0,0,0,1,0,0,0
642,8,0,0,0,0,0,0,0,0,0,0,0
643,38,26,0,0,0,0,0,0,0,0,0,0
644,30,0,0,0,0,0,0,0,0,0,0,0
645,2,0,0,0,0,0,0,0,0,0,1,0
646,61,0,0,0,0,0,0,0,0,0,0,0
647,301,2,0,0,0,0,0,0,0,0,0,0
648,511,0,0,0,0,0,0,0,5,0,0,0
649,454,0,0,0,0,0,0,0,10,0,0,0
654,55,0,0,0,0,0,0,0,0,0,0,0
655,203,2,0,0,0,0,0,0,1,0,0,0
700,23,0,0,0,0,0,0,0,0,0,0,0
701,21,0,0,0,0,0,0,0,0,0,0,0
702,3,0,0,0,0,0,0,0,0,0,0,0
705,93,0,0,0,0,0,0,0,0,0,0,0
708,1,0,0,0,0,0,0,0,0,0,0,0
710,159,2,0,0,0,0,0,0,1,0,0,0
713,2,0,0,0,0,0,0,0,0,0,1,0
714,2,0,0,0,0,0,0,0,0,0,0,0
715,65,0,0,0,0,0,0,0,1,0,0,0
716,12,0,0,0,0,0,0,0,8,0,0,0
718,65,1,0,0,0,0,0,0,0,0,0,0
719,5,0,0,0,0,0,0,0,0,0,0,0
720,90,0,0,0,0,0,0,0,0,0,0,0
721,3178,1,0,0,0,0,0,0,20,0,0,4
722,17,0,0,0,0,0,0,0,11,0,0,0
723,2,0,0,0,0,0,0,0,0,0,0,0
724,3,0,0,0,0,0,0,0,0,0,0,0
725,459,0,0,0,0,0,0,0,3,0,0,0
726,6,0,0,0,0,0,0,0,0,0,0,0
727,11,0,0,0,0,0,0,0,0,0,0,0
729,44,0,0,0,0,0,0,0,0,0,0,0
730,62,0,0,0,0,0,0,0,0,0,0,0
731,86,0,0,0,0,0,0,0,0,0,0,0
783,9,0,0,0,0,0,0,0,0,0,0,0
784,10,0,0,0,0,0,0,0,0,0,0,0
785,5,0,0,0,0,0,0,0,0,0,0,1
786,1,0,0,0,0,0,0,0,0,0,0,0
787,1,0,0,0,0,0,0,0,0,0,0,0
791,218,1,0,0,0,0,0,0,4,0,0,0
792,88,1,0,0,0,0,0,0,3,0,0,0
793,8,0,0,0,0,0,0,0,0,0,0,0
795,1,0,0,0,0,0,0,0,0,0,0,0
796,2,0,0,0,0,0,0,0,0,0,1,0
799,1,0,0,0,0,0,0,0,0,0,0,0
800,190,0,0,0,0,0,0,0,0,0,0,0
801,141,6,0,0,0,0,0,0,3,0,0,0
802,18,0,0,0,0,0,0,0,0,0,0,0
803,35,1,0,0,0,0,0,0,0,0,0,0
804,11,0,0,0,0,0,0,0,0,0,0,0
805,12,0,0,0,0,0,0,0,0,0,0,0
806,3,0,0,0,0,0,0,0,0,0,0,0
807,39,0,0,0,0,0,0,0,4,0,0,0
810,78,5,0,0,0,0,0,0,4,0,0,0
812,2,0,0,0,0,0,0,0,0,0,0,0
814,2,0,0,0,0,0,0,0,0,0,0,0
819,1,0,0,0,0,0,0,0,0,0,0,0
820,6,0,0,0,0,0,0,0,0,0,0,0
821,2,0,0,0,0,0,0,0,0,0,0,0
822,6,0,0,0,0,0,0,0,0,0,0,0
823,2,0,0,0,0,0,0,0,0,0,0,0
825,3,0,0,0,0,0,0,0,0,0,0,0
832,4,0,0,0,0,0,0,0,0,0,0,0
866,6,0,0,0,0,0,0,0,0,0,0,0
867,6,0,0,0,0,0,0,0,0,0,0,0
868,1,0,0,0,0,0,0,0,0,0,0,0
869,115,0,0,0,0,0,0,0,0,0,0,0
870,94,0,0,0,0,0,0,0,0,0,0,0
871,8,0,0,0,0,0,0,0,0,0,0,0
872,324,0,0,0,0,0,0,0,1,0,0,0
873,135,2,0,0,0,0,0,0,13,0,0,2
876,9,0,0,0,0,0,0,0,0,0,0,0
877,8,0,0,0,0,0,0,0,0,0,0,0
878,175,0,0,0,0,0,0,0,0,0,1,0
879,23,0,0,0,0,0,0,0,0,0,2,1
880,41,0,0,0,0,0,0,0,0,0,0,0
881,1,0,0,0,0,0,0,0,0,0,0,0
884,37,0,0,0,0,0,0,0,0,0,0,31
885,5,0,0,0,0,0,0,0,0,0,0,0
886,17,0,0,0,0,0,0,0,1,0,1,0
887,31,0,0,0,0,0,0,0,10,0,0,0
888,199,0,0,0,0,0,0,0,7,0,0,0
891,14,0,0,0,0,0,0,0,0,0,0,0
892,193,0,0,0,0,0,0,0,0,0,0,0
894,3,0,0,0,0,0,0,0,0,0,0,0
896,107,0,0,0,0,0,0,0,0,0,0,0
897,3,0,0,0,0,0,0,0,0,0,0,0
902,9,0,0,0,0,0,0,0,0,0,0,0
905,31,0,0,0,0,0,0,0,0,0,2,0
920,45,0,0,0,0,0,0,0,0,0,0,0
952,4,0,0,0,0,0,0,0,0,0,0,0
953,6,0,0,0,0,0,0,0,0,0,0,0
954,107,0,0,0,0,0,0,0,1,0,0,0
955,37,0,0,0,0,0,0,0,1,0,0,0
957,119,0,0,0,0,0,0,0,0,0,0,0
958,2,0,0,0,0,0,0,0,0,0,0,0
959,221,0,0,0,0,0,0,0,0,0,0,0
960,20,0,0,0,0,0,0,0,0,0,0,0
961,150,0,0,0,0,0,0,0,0,0,2,0
962,296,0,0,0,0,0,0,0,0,0,0,0
963,1203,0,0,0,0,0,0,0,1,0,5,2
964,44,0,0,0,0,0,0,0,0,0,0,0
965,5,0,0,0,0,0,0,0,0,0,0,0
966,8,0,0,0,0,0,0,0,2,0,0,0
967,8,0,0,0,0,0,0,0,0,0,0,0
968,8,0,0,0,0,0,0,0,0,0,0,0
971,117,0,0,0,0,0,0,0,11,0,0,0
972,10,0,0,0,0,0,0,0,0,0,0,0
973,2,0,0,0,0,0,0,0,0,0,0,0
974,3,0,0,0,0,0,0,0,0,0,0,0
975,3,0,0,0,0,0,0,0,0,0,0,0
976,241,0,0,0,0,0,0,0,2,0,0,0
977,137,0,0,0,0,0,0,0,0,0,0,0
978,3,0,0,0,0,0,0,0,0,0,0,0
981,9,0,0,0,0,0,0,0,0,0,0,0
982,9,0,0,0,0,0,0,0,0,0,0,0
987,15,0,0,0,0,0,0,0,0,0,0,3
989,4,0,0,0,0,0,0,0,0,0,0,0
993,3,0,0,0,0,0,0,0,0,0,0,0
1001,54,0,0,0,0,0,0,0,0,0,0,0
1008,10,0,0,0,0,0,0,0,0,0,0,0
1045,8,0,0,0,0,0,0,0,0,0,0,0
1046,5,0,0,0,0,0,0,0,0,0,0,0
1048,1,0,0,0,0,0,0,0,0,0,0,0
1050,1,0,0,0,0,0,0,0,0,0,0,0
1051,5,0,0,0,0,0,0,0,0,0,0,0
1054,51,0,0,0,0,0,0,0,0,0,0,0
1055,332,0,0,0,0,0,0,0,4,0,0,0
1056,4,0,0,0,0,0,0,0,0,0,0,0
1057,15,0,0,0,0,0,0,0,0,0,0,1
1058,24,0,0,0,0,0,0,0,0,0,1,0
1059,32,0,0,0,0,0,0,0,0,0,1,0
1060,22,0,0,0,0,0,0,0,0,0,1,0
1061,779,0,0,0,0,0,0,0,5,0,2,0
1062,549,1,0,0,0,0,0,0,9,0,0,0
1063,239,0,0,0,0,0,0,0,5,0,0,0
1064,20,0,0,0,0,0,0,0,0,0,0,0
1067,46,2,0,0,0,0,0,0,2,0,0,0
1070,257,0,0,0,0,0,0,0,0,0,0,0
1071,4,0,0,0,0,0,0,0,0,0,0,0
1072,4,0,0,0,0,0,0,0,0,0,0,1
1073,1,0,0,0,0,0,0,0,0,0,0,0
1074,6,0,0,0,0,0,0,0,0,0,0,0
1075,12,0,0,0,0,0,0,0,0,0,0,0
1076,1,0,0,0,0,0,0,0,0,0,0,0
1077,4,0,0,0,0,0,0,0,0,0,0,0
1078,6,0,0,0,0,0,0,0,0,0,0,0
1079,1,0,0,0,0,0,0,0,0,0,0,0
1080,1,0,0,0,0,0,0,0,0,0,0,0
1081,3,0,0,0,0,0,0,0,0,0,0,0
1087,4,0,0,0,0,0,0,0,0,0,0,0
1088,8,0,0,0,0,0,0,0,0,0,0,6
1089,2,0,0,0,0,0,0,0,0,0,0,0
1092,2,0,0,0,0,0,0,0,0,0,0,0
1098,1,0,0,0,0,0,0,0,0,0,0,0
1141,3,0,0,0,0,0,0,0,0,0,0,0
1143,2,0,0,0,0,0,0,0,0,0,0,0
1144,32,0,0,0,0,0,0,0,0,0,0,2
1147,12,0,0,0,0,0,0,0,0,0,0,0
1148,6,0,0,0,0,0,0,0,0,0,0,0
1149,82,0,0,0,0,0,0,0,0,0,0,0
1150,31,0,0,0,0,0,0,0,0,0,0,0
1152,89,2,0,0,0,0,0,0,0,0,0,0
1153,116,0,0,0,0,0,0,0,0,0,0,0
1154,83,0,0,0,0,0,0,0,0,0,0,1
1155,7,0,0,0,0,0,0,0,0,0,0,0
1156,494,0,0,0,0,0,0,0,0,0,0,0
1157,2,0,0,0,0,0,0,0,0,0,0,0
1158,1,0,0,0,0,0,0,0,0,0,0,0
1159,279,0,0,0,0,0,0,0,0,0,5,0
1160,857,0,0,0,0,0,0,0,19,0,1,0
1161,316,0,0,0,0,0,0,0,0,0,0,0
1162,195,0,0,0,0,0,0,0,0,0,0,0
1163,378,0,0,0,0,0,0,0,0,0,1,0
1164,168,0,0,0,0,0,0,0,0,0,2,0
1165,129,0,0,0,0,0,0,0,0,0,0,0
1166,62,0,0,0,0,0,0,0,0,0,1,0
1167,90,0,0,0,0,0,0,0,1,0,0,0
1168,28,0,0,0,0,0,0,0,3,0,0,0
1169,4,0,0,0,0,0,0,0,0,0,0,0
1171,31,0,0,0,0,0,0,0,2,0,0,0
1172,161,0,0,0,0,0,0,0,0,0,0,0
1174,1,0,0,0,0,0,0,0,0,0,0,0
1175,1,0,0,0,0,0,0,0,0,0,0,0
1176,1,0,0,0,0,0,0,0,0,0,0,0
1177,165,0,0,0,0,0,0,0,13,0,0,0
1178,32,4,0,0,0,0,0,0,1,0,0,0
1179,57,0,0,0,0,0,0,0,0,0,0,0
1180,2,0,0,0,0,0,0,0,0,0,0,0
1183,1,0,0,0,0,0,0,0,1,0,0,0
1187,71,0,0,0,0,0,0,0,0,0,0,4
1188,182,2,0,0,0,0,0,0,13,0,8,27
1189,2,0,0,0,0,0,0,0,0,0,0,0
1247,3,0,0,0,0,0,0,0,0,0,0,0
1249,4,0,0,0,0,0,0,0,0,0,0,0
1250,8,0,0,0,0,0,0,0,0,0,0,0
1251,2,0,0,0,0,0,0,0,0,0,0,0
1252,1,0,0,0,0,0,0,0,0,0,0,0
1256,1,0,0,0,0,0,0,0,0,0,0,0
1257,24,0,0,0,0,0,0,0,0,0,0,0
1258,2,0,0,0,0,0,0,0,0,0,0,0
1259,5,0,0,0,0,0,0,0,0,0,3,0
1260,13,0,0,0,0,0,0,0,0,0,0,0
1262,9,0,0,0,0,0,0,0,0,0,0,0
1263,50,0,0,0,0,0,0,0,0,0,0,0
1264,15,0,0,0,0,0,0,0,0,0,0,0
1265,116,0,0,0,0,0,0,0,2,0,0,0
1267,92,0,0,0,0,0,0,0,0,0,0,0
1268,330,0,0,0,0,0,0,0,4,0,0,0
1269,34,0,0,0,0,0,0,0,0,0,0,0
1270,80,0,0,0,0,0,0,0,0,0,0,0
1271,137,0,0,0,0,0,0,0,0,0,0,0
1272,122,0,0,0,0,0,0,0,0,0,0,0
1273,4,0,0,0,0,0,0,0,0,0,0,0
1274,1,0,0,0,0,0,0,0,0,0,0,0
1275,2,0,0,0,0,0,0,0,0,0,0,0
1277,4,4,0,0,0,0,0,0,0,0,0,0
1278,8,0,0,0,0,0,0,0,0,0,0,0
1286,5,0,0,0,0,0,0,0,0,0,0,0
1287,4,0,0,0,0,0,0,0,0,0,0,0
1288,28,5,0,0,0,0,0,0,0,0,0,2
1289,2,0,0,0,0,0,0,0,0,0,0,0
1290,3,0,0,0,0,0,0,0,0,0,0,0
1291,4,0,0,0,0,0,0,0,0,0,0,0
1344,59,0,0,0,0,0,0,0,0,0,0,0
1345,3,0,0,0,0,0,0,0,0,0,0,0
1347,98,0,0,0,0,0,0,0,0,0,0,0
1348,27,0,0,0,0,0,0,0,0,0,0,0
1351,37,1,0,0,0,0,0,0,0,0,0,0
1352,19,0,0,0,0,0,0,0,0,0,0,0
1354,3,0,0,0,0,0,0,0,0,0,0,0
1355,63,0,0,0,0,0,0,0,1,0,0,0
1356,1,0,0,0,0,0,0,0,0,0,0,0
1367,5,0,0,0,0,0,0,0,0,0,0,0
1368,1,0,0,0,0,0,0,0,0,0,0,0
1369,10,0,0,0,0,0,0,0,0,0,0,0
1370,4,0,0,0,0,0,0,0,0,0,0,0
1371,2,0,0,0,0,0,0,0,0,0,0,0
1424,1,0,0,0,0,0,0,0,0,0,0,0
1427,1,0,0,0,0,0,0,0,0,0,0,0
1431,10,4,0,0,0,0,0,0,0,0,0,0
1432,1,0,0,0,0,0,0,0,0,0,0,0
1433,1,0,0,0,0,0,0,0,0,0,0,0
1434,49,1,0,0,0,0,0,0,2,0,0,0
1436,1,0,0,0,0,0,0,0,0,0,0,0
1441,2,0,0,0,0,0,0,0,0,0,0,0
1445,1,0,0,0,0,0,0,0,0,0,0,0
1454,1,0,0,0,0,0,0,0,0,0,0,0
1458,1,0,0,0,0,0,0,0,0,0,0,0
1459,3,0,0,0,0,0,0,0,0,0,0,0
1510,6,0,0,0,0,0,0,0,0,0,0,0
1511,1,0,0,0,0,0,0,0,0,0,0,0
1513,22,1,0,0,0,0,0,0,1,0,0,0
1515,1,0,0,0,0,0,0,0,0,0,0,0
1516,2,0,0,0,0,0,0,0,0,0,0,0
1518,14,0,0,0,0,0,0,0,0,0,0,0
1538,3,0,0,0,0,0,0,0,0,0,0,0
1584,1,0,0,0,0,0,0,0,0,0,0,0
1588,11,0,0,0,0,0,0,0,0,0,0,0
1589,22,0,0,0,0,0,0,0,0,0,0,0
1590,8,0,0,0,0,0,0,0,0,0,0,0
1591,46,0,0,0,0,0,0,0,1,0,0,0
1592,3,0,0,0,0,0,0,0,0,0,0,0
1594,20,0,0,0,0,0,0,0,2,0,0,0
1596,2,0,0,0,0,0,0,0,0,0,0,0
1598,2,0,0,0,0,0,0,0,0,0,0,0
1604,1,0,0,0,0,0,0,0,0,0,0,0
1611,5,0,0,0,0,0,0,0,0,0,0,0
1613,3,0,0,0,0,0,0,0,0,0,0,0
1614,1,0,0,0,0,0,0,0,0,0,0,0
1615,2,0,0,0,0,0,0,0,0,0,0,0
1617,22,0,0,0,0,0,0,0,0,0,0,0
1618,2,0,0,0,0,0,0,0,0,0,0,0
1661,29,0,0,0,0,0,0,0,0,0,0,0
1662,12,0,0,0,0,0,0,0,0,0,0,0
1664,1,0,0,0,0,0,0,0,0,0,0,0
1665,40,0,0,0,0,0,0,0,0,0,0,0
1666,31,0,0,0,0,0,0,0,0,0,0,0
1667,129,0,0,0,0,0,0,0,6,0,0,0
1668,5,0,0,0,0,0,0,0,0,0,0,0
1669,45,0,0,0,0,0,0,0,2,0,0,0
1671,1,0,0,0,0,0,0,0,0,0,0,0
1673,1,0,0,0,0,0,0,0,0,0,0,0
1674,2,0,0,0,0,0,0,0,0,0,0,0
1680,25,0,0,0,0,0,0,0,0,0,0,0
1681,1,0,0,0,0,0,0,0,0,0,0,0
1687,4,0,0,0,0,0,0,0,0,0,0,0
1690,1,0,0,0,0,0,0,0,0,0,0,0
1692,2,0,0,0,0,0,0,0,0,0,0,0
1693,7,0,0,0,0,0,0,0,0,0,0,0
1694,10,0,0,0,0,0,0,0,0,0,0,0
1722,9,0,0,0,0,0,0,0,0,0,0,0
1728,32,0,0,0,0,0,0,0,0,0,0,0
1729,2,0,0,0,0,0,0,0,0,0,0,0
1732,6,0,0,0,0,0,0,0,0,0,0,0
1733,45,0,0,0,0,0,0,0,0,0,0,0
1734,29,0,0,0,0,0,0,0,0,0,0,0
1735,4,0,0,0,0,0,0,0,0,0,0,0
1736,4,0,0,0,0,0,0,0,0,0,0,0
1747,3,0,0,0,0,0,0,0,0,0,0,0
1752,1,0,0,0,0,0,0,0,0,0,0,0
1753,9,0,0,0,0,0,0,0,0,0,0,0
1754,7,0,0,0,0,0,0,0,0,0,0,0
1758,2,0,0,0,0,0,0,0,0,0,0,0
1759,1,0,0,0,0,0,0,0,0,0,0,0
1760,5,0,0,0,0,0,0,0,0,0,0,0
1761,4,0,0,0,0,0,0,0,0,0,0,0
1792,1,0,0,0,0,0,0,0,0,0,0,0
1794,16,0,0,0,0,0,0,0,0,0,4,0
1795,216,0,0,0,0,0,0,0,4,0,8,0
1796,9,0,0,0,0,0,0,0,0,0,0,0
1797,35,0,0,0,0,0,0,0,0,0,0,0
1798,33,0,0,0,0,0,0,0,1,0,0,0
1799,6,0,0,0,0,0,0,0,0,0,0,0
1800,4,0,0,0,0,0,0,0,0,0,0,0
1801,1,0,0,0,0,0,0,0,0,0,0,0
1803,1,0,0,0,0,0,0,0,0,0,0,0
1811,30,0,0,0,0,0,0,0,0,0,0,0
1812,2,0,0,0,0,0,0,0,0,0,0,0
1814,2,0,0,0,0,0,0,0,0,0,0,0
1817,6,0,0,0,0,0,0,0,0,0,0,0
1818,25,0,0,0,0,0,0,0,0,0,0,0
1819,6,0,0,0,0,0,0,0,0,0,0,0
1820,4,0,0,0,0,0,0,0,0,0,0,0
1821,19,0,0,0,0,0,0,0,0,0,0,0
1822,2,0,0,0,0,0,0,0,0,0,0,0
1848,1,0,0,0,0,0,0,0,0,0,0,0
1850,21,0,0,0,0,0,0,0,0,0,3,0
1851,207,0,0,0,0,0,0,0,5,0,4,0
1853,2,0,0,0,0,0,0,0,0,0,0,0
1854,2,0,0,0,0,0,0,0,0,0,0,0
1855,19,0,0,0,0,0,0,0,0,0,0,0
1856,4,0,0,0,0,0,0,0,0,0,0,0
1857,5,0,0,0,0,0,0,0,0,0,0,0
1859,4,0,0,0,0,0,0,0,0,0,0,0
1864,2,0,0,0,0,0,0,0,0,0,0,0
1866,2,0,0,0,0,0,0,0,0,0,0,0
1867,4,0,0,0,0,0,0,0,0,0,0,0
1868,77,0,0,0,0,0,0,0,0,0,0,0
1870,5,0,0,0,0,0,0,0,0,0,0,0
1872,2,0,0,0,0,0,0,0,0,0,0,0
1873,2,0,0,0,0,0,0,0,0,0,0,0
1874,16,0,0,0,0,0,0,0,0,0,0,0
1875,63,0,0,0,0,0,0,0,1,0,0,0
1876,10,0,0,0,0,0,0,0,0,0,0,0
1877,8,0,0,0,0,0,0,0,0,0,0,0
1879,6,0,0,0,0,0,0,0,0,0,0,0
1880,19,0,0,0,0,0,0,0,0,0,0,0
1881,1,0,0,0,0,0,0,0,0,0,0,0
1882,12,0,0,0,0,0,0,0,0,0,0,0
1884,2,0,0,0,0,0,0,0,0,0,0,0
1911,6,0,0,0,0,0,0,0,0,0,3,0
1912,150,0,0,0,0,0,0,0,0,0,0,0
1913,97,0,0,0,0,0,0,0,2,0,1,0
1914,9,1,0,0,0,0,0,0,3,0,0,0
1920,1,0,0,0,0,0,0,0,0,0,0,0
1921,431,0,0,0,0,0,0,0,1,0,0,0
1922,12,0,0,0,0,0,0,0,0,0,0,0
1923,8,0,0,0,0,0,0,0,0,0,0,0
1924,24,0,0,0,0,0,0,0,0,0,0,0
1925,3,0,0,0,0,0,0,0,0,0,0,0
1927,1,0,0,0,0,0,0,0,0,0,0,0
1928,1,0,0,0,0,0,0,0,0,0,0,0
1929,10,0,0,0,0,0,0,0,0,0,0,0
1930,7,0,0,0,0,0,0,0,0,0,0,0
1932,5,0,0,0,0,0,0,0,0,0,0,0
1933,41,0,0,0,0,0,0,0,0,0,0,0
1934,3,0,0,0,0,0,0,0,0,0,0,0
1935,9,0,0,0,0,0,0,0,0,0,0,0
1937,103,0,0,0,0,0,0,0,0,0,0,0
1938,4,0,0,0,0,0,0,0,0,0,0,0
1939,2,0,0,0,0,0,0,0,0,0,0,0
1941,7,0,0,0,0,0,0,0,0,0,0,0
1942,4,0,0,0,0,0,0,0,0,0,0,0
1943,76,0,0,0,0,0,0,0,0,0,0,0
1945,3,0,0,0,0,0,0,0,0,0,0,0
1976,4,0,0,0,0,0,0,0,0,0,0,0
1977,28,0,0,0,0,0,0,0,0,0,0,0
1978,586,0,0,0,0,0,0,0,7,0,3,0
1987,5,0,0,0,0,0,0,0,0,0,0,0
1991,2,0,0,0,0,0,0,0,0,0,0,0
1992,24,0,0,0,0,0,0,0,1,0,0,0
1994,7,0,0,0,0,0,0,0,0,0,0,0
1996,1,0,0,0,0,0,0,0,0,0,0,0
1997,9,0,0,0,0,0,0,0,0,0,0,0
1998,28,0,0,0,0,0,0,0,0,0,0,0
1999,27,0,0,0,0,0,0,0,0,0,0,0
2000,7,0,0,0,0,0,0,0,0,0,0,0
2001,2,0,0,0,0,0,0,0,0,0,0,0
2002,3,0,0,0,0,0,0,0,0,0,0,0
2007,4,0,0,0,0,0,0,0,0,0,0,0
2040,50,0,0,0,1,0,0,0,0,0,0,0
2041,63,0,0,0,1,0,0,0,0,0,0,0
2042,59,0,0,0,0,0,0,0,0,0,0,0
2043,2,0,0,0,0,0,0,0,0,0,1,0
2046,1,0,0,0,0,0,0,0,0,0,0,0
2047,1,1,0,0,0,0,0,0,0,0,0,0
2055,46,0,0,0,0,0,0,0,2,0,0,0
2056,17,0,0,0,0,0,0,0,0,0,0,0
2058,3,0,0,0,0,0,0,0,0,0,0,0
2062,16,0,0,0,0,0,0,0,1,0,0,0
2063,9,0,0,0,0,0,0,0,0,0,0,0
2064,5,0,0,0,0,0,0,0,0,0,0,0
2065,3,0,0,0,0,0,0,0,0,0,0,0
2066,197,0,0,0,0,0,0,0,0,0,0,0
2067,93,0,0,0,0,0,0,0,0,0,0,0
2068,2,0,0,0,0,0,0,0,0,0,0,0
2105,45,0,0,0,1,0,0,0,1,0,0,0
2106,12,0,0,0,0,0,0,0,0,0,0,0
2107,21,0,0,0,0,0,0,0,0,0,0,0
2108,29,0,0,0,0,0,0,0,0,0,0,0
2112,142,0,0,0,0,0,0,0,0,0,0,0
2113,15,0,0,0,0,0,0,0,0,0,0,0
2126,3,0,0,0,0,0,0,0,0,0,0,0
2127,3,0,0,0,0,0,0,0,0,0,0,0
2128,14,0,0,0,0,0,0,0,0,0,0,0
2129,26,1,0,0,0,0,0,0,0,0,0,0
2130,14,0,0,0,0,0,0,0,0,0,0,0
2131,12,0,0,0,0,0,0,0,0,0,0,0
2132,67,0,0,0,0,0,0,0,0,0,0,0
2133,2,0,0,0,0,0,0,0,0,0,0,0
2135,3,0,0,0,0,0,0,0,0,0,0,0
2171,133,0,0,0,0,0,0,0,10,0,0,0
2172,103,0,0,0,0,0,0,0,0,0,0,0
2173,104,0,0,0,0,0,0,0,0,0,2,0
2174,78,0,0,0,0,0,0,0,1,0,1,0
2176,106,0,0,0,0,0,0,0,0,0,0,0
2178,406,0,0,0,0,0,0,0,0,0,0,0
2193,4,0,0,0,0,0,0,0,0,0,0,0
2194,1,0,0,0,0,0,0,0,0,0,0,0
2196,6,0,0,0,0,0,0,0,0,0,0,0
2197,1,0,0,0,0,0,0,0,0,0,0,0
2198,1,0,0,0,0,0,0,0,0,0,0,0
2199,2,0,0,0,0,0,0,0,0,0,0,0
2200,6,0,0,0,0,0,0,0,0,0,0,0
2238,8,0,0,0,0,0,0,0,0,0,0,0
2239,126,0,0,0,0,0,0,0,1,0,21,0
2240,194,0,0,0,0,0,0,0,1,0,4,0
2241,167,0,0,0,0,0,0,0,27,0,1,0
2244,93,0,0,0,0,0,0,0,0,0,0,0
2252,13,0,0,0,0,0,0,0,0,0,0,0
2253,15,0,0,0,0,0,0,0,0,0,0,0
2254,1,0,0,0,0,0,0,0,0,0,0,0
2265,2,0,0,0,0,0,0,0,0,0,0,0
2266,16,0,0,0,0,0,0,0,0,0,0,0
2267,1,0,0,0,0,0,0,0,0,0,0,0
2307,12,0,0,0,0,0,0,0,0,0,0,0
2308,32,0,0,0,0,0,0,0,0,0,7,0
2309,372,0,0,0,0,0,0,0,5,0,1,0
2310,422,0,0,0,0,0,0,0,22,0,1,0
2312,21,0,0,0,0,0,0,0,0,0,0,0
2313,165,0,0,0,0,0,0,0,0,0,0,0
2335,7,0,0,0,0,0,0,0,0,0,0,0
2337,1,0,0,0,0,0,0,0,0,0,0,0
2366,2,0,0,0,0,0,0,0,0,0,0,0
2378,171,0,0,0,0,0,0,0,0,0,0,0
2379,124,0,0,0,0,0,0,0,1,0,0,0
2380,144,0,0,0,0,0,0,0,1,0,0,0
2381,1,0,0,0,0,0,0,0,0,0,0,0
2383,78,0,0,0,0,0,0,0,0,0,0,0
2405,2,0,0,0,0,0,0,0,0,0,0,0
2448,1,0,0,0,0,0,0,0,0,0,0,0
2449,297,0,0,0,4,0,0,0,0,0,0,0
2450,180,0,0,0,1,0,0,0,0,0,1,0
2451,63,0,0,0,0,0,0,0,2,0,0,0
2453,12,0,0,0,0,0,0,0,0,0,0,0
2454,380,0,0,0,0,0,0,0,0,0,0,0
2521,28,0,0,0,0,0,0,0,0,0,0,0
2522,314,0,0,0,0,0,0,0,0,0,0,0
2523,311,0,0,0,0,0,0,0,35,0,0,0
2524,1,0,0,0,0,0,0,0,0,0,0,0
2526,20,0,0,0,0,0,0,0,0,0,0,0
2530,5,0,0,0,0,0,0,0,0,0,0,0
2597,15,0,0,0,0,0,0,0,0,0,0,0
2599,92,0,0,0,0,0,0,0,0,0,0,0
2600,94,0,0,0,0,0,0,0,3,0,0,0
2601,2,0,0,0,0,0,0,0,0,0,0,0
2632,22,1,0,0,0,0,0,0,4,0,0,0
2678,2,0,0,0,0,0,0,0,0,0,0,0
2747,2,0,0,0,0,0,0,0,0,0,0,0
2750,27,0,0,0,0,0,0,0,0,0,0,0
2754,1,0,0,0,0,0,0,0,0,0,0,0
2755,28,0,0,0,0,0,0,0,0,0,0,0
2762,1,0,0,0,0,0,0,0,0,0,0,0
2763,2,0,0,0,0,0,0,0,0,0,0,0
2807,5,0,0,0,0,0,0,0,0,0,0,0
2818,12,0,0,0,0,0,0,0,0,0,0,0
2821,2,0,0,0,0,0,0,0,0,0,0,0
2828,4,0,0,0,0,0,0,0,0,0,0,0
2830,3,0,0,0,0,0,0,0,0,0,0,0
2838,32,0,0,0,0,0,0,0,0,0,0,0
2861,9,1,0,0,0,0,0,0,1,0,0,0
2901,28,19,0,0,0,0,0,0,0,0,0,0
2913,1,0,0,0,0,0,0,0,0,0,0,0
2914,14,0,0,0,0,0,0,0,0,0,0,0
2915,5,0,0,0,0,0,0,0,0,0,0,0
2917,3,0,0,0,0,0,0,0,0,0,0,0
2918,22,0,0,0,0,0,0,0,0,0,0,0
2919,11,0,0,0,0,0,0,0,0,0,0,0
2921,13,0,0,0,0,0,0,0,0,0,0,0
2953,21,5,0,0,0,0,0,0,3,0,0,0
2997,1,0,0,0,0,0,0,0,0,0,0,0
2998,37,0,0,0,0,0,0,0,0,0,0,0
2999,3,0,0,0,0,0,0,0,0,0,0,0
3001,2,0,0,0,0,0,0,0,0,0,0,0
3002,4,0,0,0,0,0,0,0,0,0,0,0
3025,18,1,0,0,0,0,0,0,1,0,0,0
3034,17,3,0,0,0,0,0,0,0,0,0,0
3087,2,0,0,0,0,0,0,0,0,0,0,0
3090,8,0,0,0,0,0,0,0,0,0,0,0
3098,1,0,0,0,0,0,0,0,0,0,0,0
3107,2,0,0,0,0,0,0,0,0,0,0,0
3109,15,1,0,0,0,0,0,0,2,0,0,0
3117,17,2,0,0,0,0,0,0,0,0,0,0
3140,2,0,0,0,0,0,0,0,0,0,0,0
3146,15,0,0,0,0,0,0,0,0,0,0,0
3179,13,0,0,0,0,0,0,0,0,0,0,0
3190,4,0,0,0,0,0,0,0,0,0,0,0
3195,2,0,0,0,0,0,0,0,0,0,0,0
3198,22,0,0,0,0,0,0,0,3,0,0,0
3199,8,0,0,0,0,0,0,0,0,0,0,0
3236,19,0,0,0,0,0,0,0,0,0,0,0
3237,18,0,0,0,0,0,0,0,0,0,0,0
3238,21,0,0,0,0,0,0,0,0,0,0,0
3261,19,0,0,0,0,0,0,0,0,0,0,0
3266,1,0,0,0,0,0,0,0,0,0,0,0
3267,3,0,0,0,0,0,0,0,0,0,0,0
3268,1,0,0,0,0,0,0,0,0,0,0,0
3269,47,0,0,0,0,0,0,0,0,0,0,0
3275,1,0,0,0,0,0,0,0,0,0,0,0
3296,95,0,0,0,0,0,0,0,7,0,0,0
3319,7,0,0,0,0,0,0,0,0,0,0,0
3323,23,0,0,0,0,0,0,0,0,0,0,0
3324,21,0,0,0,0,0,0,0,0,0,0,0
3367,2,0,0,0,0,0,0,0,0,0,0,0
3382,1,0,0,0,0,0,0,0,0,0,0,0
3384,94,0,0,0,0,0,0,0,0,0,0,0
3407,59,0,0,0,0,0,0,0,0,0,0,0
3408,7,0,0,0,0,0,0,0,0,0,0,0
3410,34,0,0,0,0,0,0,0,0,0,0,0
3422,8,0,0,0,0,0,0,0,0,0,0,0
3443,4,0,0,0,0,0,0,0,0,0,0,0
3445,6,0,0,0,0,0,0,0,0,0,0,0
3455,2,0,0,0,0,0,0,0,0,0,0,0
3465,1,0,0,0,0,0,0,0,0,0,0,0
3479,10,0,0,0,0,0,0,0,0,0,0,0
3510,1,0,0,0,0,0,0,0,1,0,0,0
3524,16,0,0,0,0,0,0,0,0,0,0,0
3529,1,0,0,0,0,0,0,0,0,0,0,0
3531,4,0,0,0,0,0,0,0,0,0,0,0
3532,13,0,0,0,0,0,0,0,0,0,0,0
3533,2,0,0,0,0,0,0,0,0,0,0,0
3534,7,0,0,0,0,0,0,0,0,0,0,0
3619,1,0,0,0,0,0,0,0,0,0,0,0
3620,1,0,0,0,0,0,0,0,0,0,0,0
3621,10,0,0,0,0,0,0,0,0,0,0,0
3623,4,0,0,0,0,0,0,0,0,0,0,0
3626,20,0,0,0,0,0,0,0,0,0,0,0
3636,7,0,0,0,0,0,0,0,0,0,0,0
3637,10,0,0,0,0,0,0,0,0,0,0,0
3700,20,0,0,0,0,0,0,0,0,0,0,0
3701,1,0,0,0,0,0,0,0,0,0,0,0
3702,1,0,0,0,0,0,0,0,0,0,0,0
3707,2,0,0,0,0,0,0,0,0,0,0,0
3708,2,0,0,0,0,0,0,0,0,0,0,0
3729,6,0,0,0,0,0,0,0,0,0,0,0
3760,10,0,0,0,0,0,0,0,0,0,0,0
3775,35,0,0,0,0,0,0,0,3,0,0,0
3782,4,0,0,0,0,0,0,0,0,0,0,0
3785,24,0,0,0,0,0,0,0,0,0,0,0
3786,13,0,0,0,0,0,0,0,0,0,0,0
3805,7,0,0,0,0,0,0,0,0,0,0,0
3858,12,0,0,0,0,0,0,0,0,0,0,0
3859,11,0,0,0,0,0,0,0,0,0,0,0
3861,7,0,0,0,0,0,0,0,0,0,0,0
3863,15,0,0,0,0,0,0,2,0,0,0,0
3866,6,0,0,0,0,0,0,0,0,0,0,0
3867,12,0,0,0,0,0,0,0,0,0,0,0
3872,182,0,0,0,0,0,0,0,4,0,0,0
3874,2,0,0,0,0,0,0,0,0,0,0,0
3925,24,0,0,0,0,0,0,0,0,0,0,0
3943,10,0,0,0,0,0,0,0,0,0,0,0
3944,12,0,0,0,0,0,0,0,0,0,0,0
3945,5,0,0,0,0,0,0,0,0,0,0,0
3946,37,0,0,0,0,0,0,0,0,0,0,0
3948,1,0,0,0,0,0,0,0,0,0,0,0
3950,1,0,0,0,0,0,0,0,0,0,0,0
3951,2,0,0,0,0,0,0,0,0,0,0,0
3952,4,0,0,0,0,0,0,0,0,0,0,0
3956,1,0,0,0,0,0,0,0,0,0,0,0
3976,1,0,0,0,0,0,0,0,0,0,0,0
4002,1,0,0,0,0,0,0,0,0,0,0,0
4012,5,0,0,0,0,0,0,0,0,0,0,0
4013,10,0,0,0,0,0,0,0,0,0,0,0
4020,3,0,0,0,0,0,0,0,0,0,0,0
4027,1,0,0,0,0,0,0,0,0,0,0,0
4029,11,0,0,0,0,0,0,0,0,0,0,0
4030,21,0,0,0,1,0,0,0,0,0,0,0
4031,62,0,0,0,0,0,0,0,0,0,0,0
4038,6,0,0,0,0,0,0,0,0,0,0,0
4043,1,0,0,0,0,0,0,0,0,0,0,0
4051,2,0,0,0,0,0,0,0,0,0,0,0
4066,1,0,0,0,0,0,0,0,0,0,0,0
4095,14,0,0,0,0,0,0,0,0,0,0,0
4111,1,0,0,0,0,0,0,0,0,0,0,0
4113,4,0,0,0,0,0,0,0,0,0,0,0
4114,61,0,0,0,0,0,0,0,0,0,0,0
4115,108,0,0,0,0,0,0,0,0,0,0,0
4116,54,0,0,0,0,0,0,0,0,0,0,0
4117,21,0,0,0,0,0,0,0,0,0,0,0
4118,69,0,0,0,0,0,0,2,0,0,0,0
4119,29,0,0,0,0,0,0,0,1,0,0,0
4120,5,0,0,0,0,0,0,0,0,0,0,0
4121,1,0,0,0,0,0,0,0,0,0,0,0
4122,2,0,0,0,0,0,0,0,0,0,0,0
4123,166,0,0,0,0,0,0,0,0,0,0,0
4125,14,0,0,0,0,0,0,0,0,0,0,0
4127,3,0,0,0,0,0,0,0,0,0,0,0
4130,47,0,0,0,0,0,0,0,0,0,0,0
4177,9,0,0,0,0,0,0,0,0,0,0,0
4199,3,0,0,0,0,0,0,0,0,0,0,0
4200,416,0,0,0,0,0,0,1,0,0,0,0
4201,136,0,0,0,0,0,0,5,1,0,0,0
4202,15,0,0,0,0,0,0,1,0,0,0,0
4203,10,0,0,0,0,0,0,1,0,0,0,0
4204,53,0,0,0,0,0,0,0,0,0,0,0
4205,22,0,0,0,0,0,0,0,1,0,0,0
4206,2,0,0,0,0,0,0,0,0,0,0,0
4207,13,0,0,0,0,0,0,0,0,0,0,0
4208,18,0,0,0,0,0,0,0,3,0,0,0
4209,135,0,0,0,0,0,0,0,1,0,0,0
4210,42,0,0,0,0,0,0,0,0,0,0,0
4211,9,0,0,0,0,0,0,0,0,0,0,0
4212,4,0,0,0,0,0,0,0,0,0,0,0
4214,36,0,0,0,0,0,0,0,0,0,0,0
4259,11,0,0,0,0,0,0,0,0,0,0,0
4272,1,0,0,0,0,0,0,0,0,0,0,0
4274,2,0,0,0,0,0,0,0,0,0,0,0
4283,17,0,0,0,0,0,0,0,0,0,0,0
4286,31,0,0,0,0,0,0,0,0,0,0,0
4287,120,0,0,0,0,0,0,0,0,0,0,1
4288,305,3,0,0,1,7,0,11,0,0,0,0
4289,227,0,0,0,0,3,0,1,0,0,1,0
4290,19,1,0,0,0,0,0,0,0,0,0,0
4291,40,0,0,0,0,0,0,2,0,0,0,0
4292,13,0,0,0,0,0,0,0,0,0,0,0
4294,15,0,0,0,0,0,0,0,0,0,0,0
4295,14,0,0,0,0,0,0,0,0,0,0,0
4296,47,0,0,0,0,0,0,0,3,0,0,0
4297,14,0,0,0,0,0,0,0,0,0,0,0
4298,7,0,0,0,0,0,0,0,0,0,0,0
4299,51,0,0,0,0,0,0,0,0,0,0,0
4300,37,0,0,0,0,0,0,0,0,0,0,0
4301,4,0,0,0,0,0,0,0,0,0,0,0
4302,2,0,0,0,0,0,0,0,0,0,0,0
4303,4,0,0,0,0,0,0,0,0,0,0,0
4304,1,0,0,0,0,0,0,0,0,0,0,0
4306,2,0,0,0,0,0,0,0,0,0,0,0
4321,1,0,0,0,0,0,0,0,0,0,0,0
4324,4,0,0,0,0,0,0,0,0,0,0,0
4350,1,0,0,0,0,0,0,0,0,0,0,0
4355,11,0,0,0,0,0,0,0,0,0,0,0
4370,14,0,0,0,0,0,1,0,0,0,0,0
4375,65,0,0,0,0,0,0,0,0,0,0,0
4376,105,0,0,0,0,0,0,0,0,0,0,0
4377,177,0,0,0,0,0,0,0,0,0,0,0
4378,78,0,0,0,0,0,0,0,0,0,1,0
4379,10,1,0,0,0,0,0,0,0,0,0,0
4380,9,0,0,0,0,0,0,1,0,0,0,0
4381,82,0,0,0,0,0,0,0,0,0,0,0
4383,74,0,0,0,0,0,0,0,0,0,0,0
4386,1,0,0,0,0,0,0,0,0,0,0,0
4387,2,0,0,0,0,0,0,0,0,0,0,0
4388,35,0,0,0,0,0,0,0,0,0,0,0
4389,75,0,0,0,0,0,0,0,0,0,0,0
4390,9,0,0,0,0,0,0,0,0,0,0,0
4391,6,0,0,0,0,0,0,0,0,0,0,0
4392,2,0,0,0,0,0,0,0,0,0,0,0
4395,1,0,0,0,0,0,0,0,0,0,0,0
4402,4,0,0,0,0,0,0,0,0,0,0,0
4409,7,0,0,0,0,0,0,0,0,0,0,0
4452,1,0,0,0,0,0,0,0,0,0,0,0
4453,4,0,0,0,0,0,0,0,0,0,0,0
4454,1,0,0,0,0,0,0,0,0,0,0,0
4462,9,0,0,0,0,0,0,0,0,0,0,0
4466,4,0,0,0,0,0,0,0,0,0,0,0
4467,26,0,0,0,0,0,0,0,0,0,0,0
4469,78,2,0,0,0,0,0,0,0,0,0,0
4470,18,0,0,0,0,0,0,0,0,0,0,0
4471,7,0,0,0,0,0,0,0,0,0,0,0
4472,41,0,0,0,1,0,0,0,0,0,0,0
4473,26,0,0,0,0,0,0,0,0,0,0,0
4474,12,0,0,0,0,0,0,0,0,0,0,0
4476,10,0,0,0,0,0,0,0,0,0,0,0
4478,7,0,0,0,0,0,0,0,0,0,0,0
4481,40,0,0,0,0,0,0,0,0,0,0,0
4483,2,0,0,0,0,0,0,0,0,0,0,0
4484,6,0,0,0,0,0,0,0,0,0,0,0
4485,8,0,0,0,0,0,0,0,0,0,0,0
4487,1,0,0,0,0,0,0,0,0,0,0,0
4488,4,0,0,0,0,0,0,0,0,0,0,0
4489,3,0,0,0,0,0,0,0,0,0,0,0
4491,2,0,0,0,0,0,0,0,0,0,0,0
4495,3,0,0,0,0,0,0,0,0,0,0,0
4515,1,0,0,0,0,0,0,0,0,0,0,0
4528,1,0,0,0,0,0,0,0,0,0,0,0
4542,3,0,0,0,0,0,0,0,0,0,0,0
4543,9,0,0,0,0,0,0,0,0,0,0,0
4545,3,3,0,0,0,0,0,0,0,0,0,0
4546,17,0,0,0,0,0,0,0,0,0,0,0
4551,25,0,0,0,0,0,0,0,0,0,0,0
4555,55,0,0,0,0,0,0,0,0,0,0,0
4558,2,0,0,0,0,0,0,0,0,0,0,0
4561,41,0,0,0,0,0,0,1,0,0,0,0
4562,37,0,0,0,0,0,0,0,0,0,0,0
4563,1,0,0,0,0,0,0,0,0,0,0,0
4564,27,0,0,0,0,0,0,0,0,0,0,0
4569,2,0,0,0,0,0,0,0,0,0,0,0
4570,4,0,0,0,0,0,0,0,0,0,0,0
4571,3,0,0,0,0,0,0,0,0,0,0,0
4572,1,0,0,0,0,0,0,0,0,0,0,0
4573,416,0,0,0,0,0,0,0,0,0,0,0
4574,4,2,1,0,0,0,0,0,0,0,0,0
4575,2,0,0,0,0,0,0,0,0,0,0,0
4576,4,0,0,0,0,0,0,0,0,0,0,0
4577,1,0,0,0,0,0,0,0,0,0,0,0
4579,5,0,0,0,0,0,0,0,0,0,0,0
4580,1,0,0,0,0,0,0,0,0,0,0,0
4582,3,0,0,0,0,0,0,0,0,0,0,0
4583,5,0,0,0,0,0,0,0,0,0,0,0
4584,14,0,0,0,0,0,0,0,0,0,0,0
4587,21,0,0,0,0,0,0,0,0,0,0,0
4605,1,0,0,0,0,0,0,0,0,0,0,0
4606,1,0,0,0,0,0,0,0,0,0,0,0
4620,1,0,0,0,0,0,0,0,0,0,0,0
4626,47,0,0,0,0,0,0,0,0,0,0,0
4631,13,0,0,0,0,0,0,0,0,0,0,0
4632,11,0,0,0,0,0,0,0,0,0,0,0
4635,8,0,0,0,0,0,0,0,0,0,0,0
4636,2,0,1,0,0,0,0,0,0,0,0,0
4637,10,0,0,0,0,0,0,0,0,0,0,0
4644,1,0,0,0,0,0,0,0,0,0,0,1
4649,2547,0,0,0,0,0,0,0,0,0,0,0
4650,2912,0,0,0,0,0,0,2,0,0,0,0
4651,4,0,0,0,0,0,0,0,0,0,0,0
4653,2,0,0,0,0,0,0,0,0,0,0,0
4654,1,0,0,0,0,0,0,0,0,0,0,0
4655,146,0,0,0,0,0,0,0,0,0,0,0
4656,5,0,0,0,0,0,0,0,0,0,0,0
4657,3,0,0,0,0,0,0,0,0,0,0,0
4658,8,0,0,0,0,0,0,0,0,0,0,0
4659,2,0,0,0,0,0,0,0,0,0,0,0
4660,28,0,0,0,0,0,0,0,1,0,0,0
4661,47,0,0,0,0,0,0,0,0,0,0,0
4662,27,0,0,0,0,0,0,0,1,0,0,0
4663,79,1,0,0,0,0,0,0,0,0,0,0
4664,53,0,0,0,0,0,0,0,0,0,0,0
4665,2,1,0,0,0,0,0,0,0,0,0,0
4667,1,0,0,0,0,0,0,0,0,0,0,0
4670,1,0,0,0,0,0,0,0,0,0,0,0
4671,2,0,0,0,0,0,0,0,0,0,0,0
4672,1,0,1,0,0,0,0,0,0,0,0,0
4674,1,0,0,0,0,0,0,0,0,0,0,0
4676,4,0,0,0,0,0,0,0,0,0,0,0
4707,3,0,0,0,0,0,0,0,0,0,0,0
4714,1,0,0,0,0,0,0,0,0,0,0,0
4715,12,0,0,0,0,0,0,0,0,0,0,0
4718,6,0,0,0,0,0,0,0,0,0,0,0
4719,4,0,0,0,0,0,0,0,0,0,0,0
4720,2,0,0,0,0,0,0,0,0,0,0,0
4721,11,0,0,0,0,0,0,0,0,0,0,0
4724,6,0,0,0,0,0,0,0,0,0,0,0
4734,49,0,0,0,0,0,0,0,0,0,0,0
4735,1,0,0,0,0,0,0,0,0,0,0,0
4737,82,0,0,0,0,0,0,2,0,0,0,0
4738,18,0,0,0,1,0,0,0,0,0,0,0
4739,10,0,0,0,0,0,0,0,0,0,0,0
4740,1,0,0,0,0,0,0,0,0,0,0,0
4742,35,0,0,0,0,0,0,0,0,0,0,0
4743,165,0,0,0,0,0,0,0,0,0,0,0
4744,34,0,0,0,0,0,0,0,3,0,0,0
4745,1,0,0,0,0,0,0,0,0,0,0,0
4746,1,0,0,0,0,0,0,0,0,0,0,0
4747,15,0,0,0,0,0,0,0,0,0,0,0
4748,68,1,0,0,0,0,0,0,5,0,0,0
4749,50,0,0,0,0,0,0,0,1,0,0,0
4750,21,0,0,0,0,0,0,0,3,0,0,0
4751,5,0,0,0,0,0,0,0,0,0,0,0
4752,2,0,0,0,0,0,0,0,0,0,0,0
4753,6,0,0,0,0,0,0,0,0,0,0,0
4754,113,0,0,0,0,0,0,0,2,0,0,0
4755,19,0,0,0,1,0,0,0,0,0,0,0
4756,17,0,0,0,0,0,0,0,0,0,0,0
4757,1,0,1,0,0,0,0,0,0,0,0,0
4758,1,0,0,0,0,0,0,0,0,0,0,0
4759,1,0,1,0,0,0,0,0,0,0,0,0
4785,3,0,0,0,0,0,0,0,0,0,0,0
4795,39,0,0,0,0,0,0,0,0,0,0,0
4802,1,0,0,0,0,0,0,0,0,0,0,0
4805,1,0,0,0,0,0,0,0,0,0,0,0
4807,5,0,0,0,0,0,0,0,0,0,0,0
4809,5,0,0,0,0,0,0,0,0,0,0,0
4810,2,0,0,0,0,0,0,0,2,0,0,0
4811,4,0,0,0,0,0,0,0,4,0,0,0
4812,24,0,0,0,0,0,0,0,0,0,0,0
4813,2,0,0,0,0,0,0,0,0,0,0,0
4818,11,0,0,0,0,0,0,0,0,0,0,0
4819,78,0,0,0,0,0,0,0,0,0,0,0
4821,1,0,0,0,0,0,0,0,0,0,0,0
4822,1,0,0,0,0,0,0,1,0,0,0,0
4823,2,0,0,0,0,0,0,0,0,0,0,0
4826,2,0,0,0,0,0,0,0,0,0,0,0
4827,7,0,0,0,0,0,0,0,0,0,0,0
4828,76,0,0,0,0,0,0,0,1,0,0,0
4831,8,0,0,0,0,0,0,0,0,0,0,0
4833,59,0,1,0,0,0,0,0,2,0,0,0
4834,18,0,0,0,0,0,0,0,0,0,0,0
4835,65,0,0,0,0,0,0,0,0,0,0,0
4836,36,0,0,0,0,0,0,0,0,0,0,0
4837,9,0,0,0,0,0,0,0,0,0,0,0
4838,44,0,0,0,0,0,0,0,0,0,0,0
4839,1,0,0,0,0,0,0,0,0,0,0,0
4840,10,0,0,0,0,0,0,0,0,0,0,0
4841,5,0,0,0,0,0,0,0,0,0,0,0
4845,1,0,0,0,0,0,0,0,0,0,0,0
4847,2,0,0,0,0,0,0,0,0,0,0,0
4849,684,0,0,0,0,0,0,0,0,0,0,0
4855,5185,0,0,0,0,0,0,0,0,0,0,0
4868,5,0,0,0,0,0,0,0,0,0,0,0
4869,11,1,0,0,0,0,0,0,1,0,0,0
4870,136,0,0,0,0,0,3,0,2,0,0,0
4873,3,0,0,0,0,0,0,0,0,0,0,0
4882,15,0,0,0,0,0,0,0,0,0,0,0
4888,2,0,0,0,0,0,0,0,0,0,0,0
4892,10,0,0,0,0,0,0,0,0,0,0,0
4894,1,0,0,0,0,0,0,0,0,0,0,0
4895,8,0,0,0,0,0,0,0,0,0,0,0
4898,3,0,0,0,0,0,0,0,0,0,0,0
4899,1,0,0,0,0,0,0,0,0,0,0,0
4905,48,0,0,0,0,0,0,0,0,0,0,0
4906,46,0,0,0,0,0,0,0,0,0,0,0
4907,3,0,0,0,0,0,0,0,0,0,0,0
4908,29,0,0,0,0,0,0,0,0,0,0,0
4909,22,0,0,0,0,0,0,0,0,0,0,0
4910,33,0,0,0,0,0,0,0,0,0,0,0
4911,73,0,0,0,0,0,0,0,0,0,0,0
4915,1,0,0,0,0,0,0,0,0,0,0,0
4917,1,0,0,0,0,0,0,0,0,0,0,0
4919,189,0,0,0,0,0,0,0,3,0,0,0
4920,32,0,0,0,0,0,0,0,1,0,0,0
4921,18,0,0,0,0,0,0,0,0,0,0,0
4922,192,0,0,0,0,0,0,0,5,0,0,0
4923,14,0,0,0,0,0,0,0,0,0,0,0
4925,1,0,0,0,0,0,0,0,0,0,0,0
4926,6,0,0,0,0,0,0,0,0,0,0,0
4927,2,0,0,0,0,0,0,0,0,0,0,0
4928,3,0,0,0,0,0,0,0,0,0,0,0
4929,1,0,0,0,0,0,0,0,0,0,0,0
4930,1,0,0,0,0,0,0,0,0,0,0,0
4939,2311,0,0,0,0,0,0,0,0,0,0,0
4940,7,0,0,0,0,0,0,0,0,0,0,0
4951,5,5,0,0,0,0,0,0,0,0,0,0
4955,10,0,0,0,0,0,0,0,0,0,0,0
4956,9,0,0,0,0,0,0,0,0,0,0,0
4957,6,0,0,0,0,0,0,0,0,0,0,0
4958,32,0,0,0,0,0,3,0,1,0,0,0
4959,298,2,0,1,0,9,40,0,7,0,0,1
4960,8,0,0,0,0,0,0,0,0,0,0,0
4961,21,0,0,0,0,0,0,0,0,0,0,0
4962,14,0,0,0,0,0,0,0,0,0,0,0
4963,12,0,1,0,0,0,0,0,0,0,0,0
4964,1,0,0,0,0,0,0,0,0,0,0,0
4968,37,0,0,0,0,0,0,0,0,0,0,0
4970,45,0,0,0,0,0,0,0,0,0,0,0
4976,4,0,0,0,0,0,0,0,0,0,0,0
4981,45,0,0,0,0,0,0,0,0,0,0,0
4982,9,0,0,0,0,0,0,0,0,0,0,0
4983,35,0,0,0,0,0,0,0,0,0,0,0
4993,1,0,0,0,0,0,0,0,0,0,0,0
4994,6,0,1,0,0,0,0,0,0,0,0,0
4995,31,0,0,0,0,0,0,0,0,0,0,0
4996,71,0,0,0,0,0,0,0,0,0,0,0
4997,65,0,0,0,0,0,0,1,0,0,0,0
4998,91,0,0,0,0,0,0,4,0,0,0,0
5000,42,0,0,0,0,0,0,0,0,0,0,0
5002,58,0,0,0,0,0,0,0,0,0,0,0
5003,72,0,0,0,0,0,0,0,0,0,0,0
5004,26,0,0,0,0,0,0,0,0,0,0,0
5005,4,0,0,0,0,0,0,0,0,0,0,0
5007,3,0,0,0,0,0,0,0,0,0,0,0
5008,97,0,0,0,0,0,0,0,1,0,0,0
5009,139,0,0,0,0,0,0,0,1,0,0,0
5010,159,0,0,0,0,0,0,0,0,0,0,0
5011,35,0,0,0,0,0,0,0,1,0,0,0
5012,31,0,0,0,0,0,0,0,0,0,0,0
5013,17,0,1,0,0,0,0,0,0,0,0,0
5014,8,0,0,0,0,0,0,0,0,0,0,0
5015,6,0,0,0,0,0,0,0,0,0,0,0
5016,4,0,0,0,0,0,0,0,0,0,0,0
5018,3,0,0,0,0,0,0,0,0,0,0,0
5019,2,0,0,0,0,0,0,0,0,0,0,0
5021,11,0,0,0,0,0,0,0,0,0,0,0
5033,151,0,0,0,0,0,7,0,2,0,0,0
5039,3,0,0,0,0,0,0,0,0,0,0,0
5040,19,0,0,0,0,0,0,0,0,0,0,0
5041,4,0,0,0,0,0,0,0,0,0,0,0
5043,6,0,0,0,0,0,0,0,0,0,0,0
5044,4992,0,0,0,0,0,232,0,3,0,0,0
5045,47,0,0,0,0,0,0,0,0,0,0,0
5046,4,0,0,0,0,0,0,0,0,0,0,0
5047,263,0,0,0,0,0,6,0,1,0,0,0
5048,15,0,0,0,0,0,0,0,1,0,0,0
5049,8,0,0,0,0,0,0,0,0,0,0,0
5050,5,0,0,0,0,0,0,0,0,0,0,0
5057,36,0,0,0,0,0,0,0,0,0,0,0
5065,1,0,0,0,0,0,0,0,0,0,0,0
5067,13,0,0,0,0,0,0,0,0,0,0,0
5068,1,0,0,0,0,0,0,0,0,0,0,0
5069,1,1,0,0,0,0,0,0,0,0,0,0
5070,1,0,0,0,0,0,0,0,0,0,1,0
5071,1,0,0,0,0,0,0,0,0,0,0,0
5073,1,0,0,0,0,0,0,0,1,0,0,0
5074,1,0,0,0,0,0,0,0,0,0,0,0
5077,26,0,0,0,0,0,0,0,0,0,0,0
5078,15,0,0,0,0,0,0,0,0,0,0,0
5079,7,0,0,0,0,0,0,0,0,0,0,0
5081,28,0,0,0,0,0,0,0,0,0,0,0
5082,1,0,0,0,0,0,0,0,0,0,0,0
5083,5,0,0,0,0,0,0,0,0,0,0,0
5085,17,0,0,0,0,0,0,0,0,0,0,0
5087,20,0,0,0,0,0,0,0,0,0,0,0
5090,38,0,0,0,0,0,0,0,4,0,0,0
5091,1,0,0,0,0,0,0,0,0,0,0,0
5092,4,0,0,0,0,0,0,0,0,0,0,0
5093,26,0,0,0,0,0,0,0,0,0,0,0
5094,51,0,0,0,0,0,0,0,0,0,0,0
5095,16,0,0,0,0,0,0,0,0,0,0,5
5096,1,0,0,0,0,0,0,0,0,0,0,0
5097,27,0,0,0,0,0,0,0,1,0,0,0
5098,38,0,0,0,0,0,0,0,0,0,0,0
5099,21,0,0,0,0,0,0,0,0,0,0,0
5100,4,0,0,0,0,0,0,0,0,0,0,1
5101,1,0,0,0,0,0,0,0,0,0,0,0
5105,1,0,0,0,0,0,0,0,0,0,0,0
5107,2,0,0,0,0,0,0,0,0,0,0,0
5110,3,0,0,0,0,0,0,0,0,0,0,0
5123,1,0,0,0,0,0,0,0,0,0,0,0
5124,19,0,0,0,0,0,1,0,0,0,0,0
5125,40,0,0,0,0,0,5,0,0,0,0,0
5128,3326,0,0,0,0,0,11,0,0,0,0,0
5132,1,0,0,0,0,0,0,0,0,0,0,0
5133,3,0,0,0,0,0,0,0,0,0,0,0
5136,2,0,0,0,0,0,0,0,0,0,0,0
5137,1,0,0,0,0,0,0,0,0,0,0,0
5143,10,0,0,0,0,0,3,0,0,0,0,0
5147,7,0,0,0,0,0,0,0,0,0,0,0
5148,3,0,0,0,0,0,0,0,0,0,0,0
5149,13,0,0,0,0,0,0,0,0,0,0,0
5150,29,0,0,1,0,0,0,0,12,0,0,0
5151,87,2,0,0,0,0,0,0,0,0,0,0
5153,4,0,0,0,0,0,0,0,0,0,0,0
5154,6998,0,0,0,0,0,167,0,1,0,1,0
5155,3,0,0,0,0,0,1,0,0,0,0,0
5157,1,0,0,0,0,0,0,0,0,0,0,0
5158,23,0,0,0,0,0,0,0,0,0,0,0
5159,13,0,0,0,0,0,0,0,0,0,0,0
5160,5,0,0,0,0,0,0,0,0,1,1,0
5161,7,0,0,0,0,0,0,0,0,0,0,0
5162,57,2,0,0,0,0,0,0,0,0,0,0
5164,11,0,0,0,0,0,0,0,0,0,0,0
5167,7,0,0,0,0,0,0,0,0,0,0,0
5169,20,0,0,0,0,0,0,0,0,0,0,0
5170,22,0,0,0,0,0,0,0,0,0,0,0
5171,56,0,0,0,0,0,0,0,0,0,0,0
5172,80,2,0,0,0,0,0,0,0,0,0,0
5173,2,1,0,0,0,0,0,0,0,0,0,0
5174,23,0,0,0,0,0,0,0,1,0,0,0
5175,34,0,0,0,0,0,0,0,0,0,0,0
5176,61,0,0,0,0,0,0,0,3,0,0,0
5177,49,0,0,0,0,0,0,0,1,0,0,0
5178,48,0,0,0,0,0,0,0,0,0,0,0
5179,11,0,0,0,0,0,0,0,0,0,0,0
5180,909,0,0,0,0,0,0,0,0,0,0,0
5181,15,0,0,0,0,0,0,0,0,0,0,0
5182,25,0,0,0,0,0,0,0,0,0,0,0
5183,7,0,0,0,0,0,0,0,0,0,0,0
5184,13,0,0,0,0,0,0,0,0,0,0,0
5187,1,0,0,0,0,0,0,0,0,0,0,0
5206,1,0,0,0,0,0,0,0,0,0,0,0
5209,5,0,0,0,0,0,0,0,0,0,0,0
5210,9,0,0,0,0,0,0,0,0,0,0,0
5211,2512,0,0,0,0,0,60,0,6,0,0,0
5212,3,0,0,0,0,0,0,0,0,0,0,0
5213,10,0,0,0,0,0,0,0,0,0,1,0
5214,3,0,0,0,0,0,0,0,0,0,0,0
5217,17,0,0,0,0,0,0,0,0,0,0,0
5218,19,0,0,0,0,0,0,0,0,0,0,0
5230,17,0,0,0,0,0,0,0,0,0,0,0
5231,22,0,0,0,0,0,0,0,0,0,0,0
5232,3,0,0,0,0,0,0,0,0,0,0,0
5235,3,0,0,0,0,0,0,0,0,0,1,0
5237,22,0,0,0,0,0,0,0,0,0,0,0
5238,53,0,0,0,0,0,0,0,0,0,0,0
5239,1,0,0,0,0,0,0,0,0,0,0,0
5240,11,0,0,0,0,0,0,0,0,0,0,0
5241,55,0,0,0,0,0,0,2,0,0,0,0
5242,21,0,0,0,0,0,0,0,0,0,0,0
5244,28,0,0,0,0,0,0,0,0,0,0,0
5245,10,0,0,0,0,0,0,0,0,0,0,0
5247,14,0,0,0,0,0,0,0,0,0,0,0
5249,1,0,0,0,0,0,0,0,0,0,0,0
5250,9,0,0,0,0,0,0,0,0,0,0,0
5251,3,0,0,0,0,0,0,0,0,0,0,0
5252,1,0,0,0,0,0,0,0,0,0,0,0
5253,14,0,0,0,0,0,0,0,0,0,0,0
5254,111,0,0,0,0,0,0,0,0,0,0,0
5255,129,0,0,0,0,0,0,0,1,0,0,0
5256,71,0,0,0,0,0,0,0,0,0,0,0
5257,8,0,0,0,0,0,0,0,0,0,0,0
5259,4,0,0,0,0,0,0,0,0,0,0,0
5260,415,0,0,0,0,0,0,0,0,0,1,0
5261,1,0,0,0,0,0,0,0,0,0,0,0
5262,10,0,0,0,0,0,0,0,0,0,0,0
5264,64,0,0,0,0,0,0,0,0,0,0,0
5265,16,0,0,0,0,0,0,0,0,0,0,0
5268,3,0,0,0,0,0,0,0,0,0,0,0
5270,1,0,0,0,0,0,0,0,0,0,0,0
5286,10,0,0,0,0,0,0,0,7,0,0,0
5288,21,0,0,0,0,0,0,0,0,0,0,0
5289,16,0,0,0,0,0,0,0,0,0,0,0
5290,7,0,0,0,0,0,0,0,0,0,0,0
5291,1,0,0,0,0,1,0,0,0,0,0,0
5298,9,0,0,0,0,1,0,0,0,0,0,0
5308,3,0,0,0,0,0,0,0,0,0,0,0
5310,298,0,0,0,0,0,0,0,0,0,0,0
5311,5,0,0,0,0,0,0,0,0,0,0,0
5313,70,0,0,0,0,0,0,0,0,0,0,0
5314,31,0,0,0,0,0,0,0,13,0,0,0
5317,2,0,0,0,0,0,0,0,0,0,0,0
5318,7,0,0,0,0,0,0,0,0,0,0,0
5319,4,0,0,0,0,0,0,0,0,0,0,0
5321,24,0,0,0,0,0,0,0,0,0,0,0
5322,42,0,0,0,0,0,0,1,0,0,0,0
5323,1,0,0,0,0,0,0,0,0,0,0,0
5324,50,0,0,0,0,0,0,0,0,0,0,0
5325,1,0,0,0,0,0,0,0,0,0,0,0
5328,32,0,0,0,0,0,0,0,0,0,0,0
5329,24,0,0,0,0,0,0,0,0,0,0,0
5331,39,0,0,0,0,0,0,0,0,0,0,0
5332,149,0,0,0,0,0,0,0,0,0,0,0
5333,8,0,0,0,0,0,0,0,0,0,0,0
5335,8,6,0,0,0,0,0,0,0,0,0,0
5336,42,0,0,0,0,0,0,0,0,0,0,0
5337,164,0,0,0,0,0,0,0,0,0,0,0
5338,52,0,0,0,0,0,0,0,0,0,0,0
5340,73,0,0,0,0,0,0,0,0,0,0,0
5341,22,0,0,0,0,0,0,0,0,0,0,0
5342,1,0,0,0,0,0,0,0,0,0,0,0
5343,3,0,0,0,0,0,0,0,0,0,0,0
5346,34,0,0,0,0,0,0,0,1,0,0,0
5350,9,0,0,0,0,0,0,0,0,0,0,0
5351,31,0,0,0,0,0,0,0,0,0,0,0
5353,1,0,0,0,0,0,0,0,0,0,0,0
5367,17,0,0,0,0,0,0,0,0,0,0,0
5369,2,0,0,0,0,0,0,0,0,0,0,0
5370,19,0,0,0,0,0,0,0,0,0,0,0
5372,2,0,0,0,0,0,1,0,0,0,0,0
5373,30,0,0,0,0,0,0,0,0,0,0,0
5374,22,0,0,0,0,0,0,0,0,0,0,0
5378,1,0,0,0,0,0,1,0,0,0,0,0
5379,1,0,0,0,0,0,1,0,0,0,0,0
5390,1,0,0,0,0,0,0,0,0,0,0,0
5391,5,0,0,0,0,0,0,0,0,0,0,0
5392,6,0,0,0,0,0,0,0,0,0,0,0
5393,1,0,0,0,0,0,0,0,0,0,0,0
5394,59,0,0,0,0,0,0,0,0,0,0,0
5395,25,0,0,0,0,0,1,0,0,0,0,0
5397,1,0,0,0,0,0,0,0,0,0,1,0
5398,223,0,2,0,0,2,40,0,7,3,0,0
5399,26,0,0,0,0,0,0,0,0,1,0,0
5400,33,0,0,0,0,0,0,0,0,0,0,0
5402,5,0,0,0,0,0,0,0,0,0,0,0
5403,4,0,0,0,0,0,0,0,0,0,0,0
5404,1,0,0,0,0,0,0,0,0,0,0,0
5406,1,0,0,0,0,0,0,0,0,0,0,0
5409,84,0,0,0,0,0,0,0,0,0,0,0
5411,5,0,0,0,0,0,0,0,0,0,0,0
5412,1,0,0,0,0,0,0,0,0,0,0,0
5413,5,0,0,1,0,0,0,0,0,0,0,0
5414,3,0,0,0,0,0,0,0,0,0,0,0
5415,1,0,0,0,0,0,0,0,0,0,0,0
5416,1,0,0,0,0,0,0,0,0,0,0,0
5417,2,0,0,0,0,0,0,0,0,0,0,0
5418,1703,0,0,0,0,0,0,0,0,0,0,0
5419,2,0,0,0,0,0,0,0,0,0,0,0
5420,20,0,0,0,0,0,0,0,0,0,0,0
5421,4,0,0,0,0,0,0,0,0,0,0,0
5422,43,0,0,0,0,0,0,0,1,0,0,0
5423,1,0,0,0,0,0,0,0,0,0,0,0
5426,1,0,0,0,0,0,0,0,0,0,0,0
5427,81,0,0,0,0,0,0,0,1,0,0,0
5431,4,0,0,0,0,0,0,0,0,0,0,0
5432,14,0,0,0,0,0,0,0,1,0,0,0
5443,1,0,0,0,0,0,0,0,0,0,0,0
5446,93,0,0,0,0,0,1,0,0,0,0,0
5447,22,0,0,0,0,0,0,0,0,0,0,0
5448,4,0,0,0,0,0,0,0,0,0,0,0
5449,9,0,0,0,0,0,0,0,0,0,0,0
5450,9,0,0,0,0,0,0,0,0,0,0,0
5451,5,0,0,0,0,0,0,0,0,0,0,0
5452,25,0,0,0,0,0,0,0,0,0,0,0
5470,3,0,0,0,0,0,0,0,0,0,0,0
5471,2,0,0,0,0,0,0,0,0,0,0,0
5472,1,0,0,0,0,0,0,0,0,0,0,0
5473,2,0,0,0,0,0,0,0,0,0,0,0
5474,48,0,0,0,0,0,0,0,0,0,0,0
5475,9,0,0,0,0,0,0,0,0,0,0,1
5476,64,0,0,0,0,0,3,0,0,5,0,3
5477,74,0,0,0,0,0,0,0,0,0,1,2
5478,13,0,3,0,0,0,0,0,0,0,1,0
5479,6126,0,3,0,0,0,236,0,0,0,0,0
5480,41,1,0,0,0,2,0,0,0,0,1,0
5481,22,0,0,0,0,0,2,0,0,0,0,0
5482,5,0,0,0,0,0,0,0,0,0,0,0
5483,4,0,0,0,0,0,0,0,0,0,0,0
5485,9,0,0,0,0,0,0,0,0,0,0,0
5486,1,0,0,0,0,0,0,0,0,0,0,0
5488,12,0,0,0,0,0,0,0,0,0,0,0
5489,4,0,0,0,0,0,0,0,0,0,0,0
5490,4,0,0,0,0,0,0,0,0,0,0,0
5491,6,0,0,0,0,0,0,0,0,0,0,0
5492,37,0,0,0,0,0,0,0,0,0,0,0
5493,5,0,0,0,0,0,0,0,0,0,0,0
5494,182,0,0,0,0,0,0,0,0,0,0,0
5495,47,0,0,0,0,0,0,0,0,0,0,0
5496,7,0,0,0,0,0,0,0,0,0,0,0
5498,1,0,0,0,0,0,0,0,0,0,0,0
5500,191,0,0,0,0,0,0,0,0,0,0,0
5501,5,0,0,0,0,0,0,0,0,0,0,0
5502,11,0,2,0,0,0,0,0,0,0,0,1
5503,42,0,0,2,0,0,0,0,0,0,0,3
5504,12,0,0,0,0,0,0,0,0,0,0,0
5506,162,0,0,0,0,0,0,0,0,0,0,0
5507,23,0,0,0,0,0,0,0,0,0,0,0
5508,1,0,0,0,0,0,0,0,0,0,0,0
5510,33,0,0,0,0,0,0,0,0,0,0,0
5511,36,0,0,0,0,0,0,0,0,0,0,0
5516,3,0,0,0,0,0,0,0,0,0,0,0
5517,645,0,0,0,0,0,0,0,0,0,0,0
5518,1685,0,0,0,0,0,0,0,0,0,0,0
5519,5,0,0,0,0,0,0,0,0,0,0,0
5523,5,0,0,5,0,0,0,0,0,0,0,0
5524,2,0,0,2,0,0,0,0,0,0,0,0
5535,5,0,0,0,0,0,3,0,0,0,0,0
5540,21,0,0,0,0,0,0,0,0,0,0,0
5543,2,0,0,0,0,0,0,0,0,0,0,0
5546,2,0,0,0,0,0,0,0,0,0,0,0
5548,1,0,0,0,0,0,0,0,0,0,0,0
5554,1,0,0,0,0,0,0,0,0,0,0,0
5555,4,0,0,0,0,0,0,0,0,0,0,0
5556,2,0,0,0,0,0,0,0,0,0,0,0
5557,21,0,0,0,0,3,2,0,0,1,0,0
5558,59,0,0,0,0,1,2,0,0,0,0,0
5559,1,0,0,0,0,0,0,0,0,0,0,0
5560,1,0,0,0,0,0,0,0,0,0,0,0
5561,6,0,0,0,0,0,1,0,0,0,1,0
5562,12,0,1,0,0,0,0,0,0,0,0,0
5563,62,0,0,0,0,0,0,0,0,0,1,0
5564,6,0,0,0,0,0,0,0,0,0,0,0
5565,243,0,1,0,0,1,5,0,0,1,0,0
5566,153,0,0,0,0,3,3,0,1,1,0,0
5567,124,0,0,0,0,0,3,0,0,0,0,0
5568,3,0,0,0,0,0,0,0,0,0,0,0
5569,9,0,0,0,0,0,0,0,0,0,0,0
5570,20,0,0,0,0,0,0,0,0,0,0,0
5571,1,0,0,0,0,0,0,0,0,0,0,0
5573,11,0,0,0,0,0,0,0,0,0,0,0
5574,6,0,0,0,0,0,0,0,0,0,0,0
5575,1,0,0,0,0,0,0,0,0,0,0,0
5576,159,0,0,0,0,0,0,1,0,0,0,0
5577,8,0,0,0,0,0,0,0,0,0,0,0
5578,654,0,0,0,0,0,0,0,0,0,0,0
5579,242,0,0,0,0,0,0,0,0,0,0,0
5580,39,0,0,0,0,0,0,0,0,0,0,0
5581,10,0,0,0,0,0,0,0,0,0,0,0
5583,1,0,0,0,0,0,0,0,0,0,0,0
5584,3,0,0,0,0,0,0,0,0,0,0,0
5585,119,0,0,0,0,0,0,0,0,0,0,0
5586,1,0,0,0,0,0,0,0,0,0,0,0
5587,33,0,0,0,0,0,0,0,0,0,0,0
5588,9,0,0,0,0,0,0,0,0,0,0,0
5589,22,0,0,0,0,0,0,0,0,0,0,1
5590,2,0,0,0,0,0,0,0,0,0,0,0
5591,10,0,0,0,0,0,0,0,0,0,0,0
5592,9,0,0,0,0,0,0,0,0,0,0,0
5594,10,0,0,0,0,0,0,0,0,0,0,0
5602,1,0,0,0,0,0,0,0,0,0,0,0
5603,1,0,0,0,0,0,0,0,0,0,0,0
5606,2,0,0,0,0,0,0,0,0,0,0,0
5608,31,0,0,0,0,0,0,0,0,0,0,0
5609,1,0,0,1,0,0,0,0,0,0,0,0
5611,1,0,0,0,0,0,0,0,0,0,0,0
5612,7,0,0,0,0,0,0,0,0,0,0,0
5621,1,0,0,0,0,0,0,0,0,0,0,0
5622,3,0,0,0,0,0,0,0,0,0,0,0
5623,20,0,0,0,0,0,0,0,0,0,0,0
5624,7,0,0,0,0,0,0,0,0,0,0,0
5626,2,0,0,0,0,0,2,0,0,0,0,0
5627,1,0,0,0,0,0,0,0,0,0,0,0
5628,2,0,0,0,0,0,1,0,0,0,0,0
5631,3,0,0,0,0,0,2,0,1,0,0,0
5632,7,0,0,0,0,0,0,0,0,0,0,0
5634,2,0,0,0,0,0,0,0,0,0,0,0
5639,8,0,0,0,0,0,0,0,0,0,0,0
5642,21,0,0,0,0,1,1,0,0,0,0,0
5643,2,0,1,0,0,0,0,0,0,0,0,0
5644,6,0,0,0,0,0,0,0,0,0,0,0
5645,9,0,0,0,0,0,0,0,0,0,0,0
5646,3,0,0,0,0,0,0,0,0,0,0,0
5647,120,0,0,0,0,1,0,0,0,0,0,0
5648,12,0,0,0,0,0,0,0,0,0,0,0
5649,5,0,0,0,0,0,0,0,0,0,0,0
5650,225,0,1,0,0,0,1,0,4,2,0,1
5651,35,0,0,0,0,0,0,0,0,0,0,1
5652,2,0,0,0,0,0,0,0,0,0,0,0
5654,11,0,0,0,0,0,0,0,0,0,0,0
5655,8,0,0,0,0,0,0,0,0,0,0,0
5656,6,0,0,0,0,0,0,0,0,0,0,0
5657,410,0,1,0,0,0,0,2,0,1,0,0
5658,378,0,0,0,0,0,0,8,0,0,0,0
5659,317,0,0,0,0,0,0,2,0,0,0,1
5660,354,0,0,0,0,0,0,0,0,0,0,0
5663,5,0,0,0,0,0,0,0,0,0,0,0
5664,3,0,0,0,0,0,0,0,0,0,0,0
5666,43,0,0,0,0,0,0,0,0,0,0,0
5667,30,0,0,0,0,0,0,0,0,0,0,0
5668,25,0,0,0,0,0,0,0,0,0,0,0
5669,18,0,0,0,0,0,0,0,0,0,0,0
5670,566,0,0,0,0,0,0,0,1,0,0,0
5671,283,0,0,0,0,0,0,0,0,0,0,0
5672,4,0,0,0,0,0,0,0,0,0,0,0
5673,3,0,0,0,0,0,0,0,1,0,0,0
5675,20,0,0,0,0,0,0,0,1,0,1,0
5678,16,0,0,0,0,0,0,0,0,0,0,0
5679,11,0,0,0,0,0,0,0,0,0,0,0
5680,9,0,0,0,0,0,0,0,0,0,0,0
5681,2,0,0,0,0,0,0,0,0,0,0,0
5682,147,0,0,0,0,0,0,0,2,0,0,0
5685,1,0,0,0,0,0,0,0,0,0,0,0
5689,4,0,0,0,0,0,0,0,0,0,0,0
5691,724,0,0,0,0,0,0,0,0,0,0,0
5692,14,0,0,0,0,0,0,0,0,0,0,0
5695,1,0,0,0,0,0,0,0,0,0,0,0
5705,2,0,0,0,0,0,0,0,0,0,0,0
5706,1,0,0,0,0,0,0,0,0,0,0,0
5707,13,0,0,0,0,0,0,0,0,0,0,0
5709,50,0,0,0,0,0,0,0,0,0,0,0
5713,22,0,0,0,0,0,12,0,1,0,0,0
5714,10,0,0,0,0,0,1,0,1,0,0,0
5715,8,0,0,0,0,0,1,0,1,2,0,0
5717,3,0,0,0,0,0,0,0,0,0,0,0
5721,1,0,0,0,0,0,0,0,0,0,0,0
5722,1,0,0,0,0,0,1,0,0,0,0,0
5724,1,0,0,0,0,0,0,0,0,0,0,0
5725,1,0,0,0,0,0,0,0,0,0,0,0
5726,6,0,0,0,0,0,0,0,0,0,0,0
5727,24,0,0,0,0,0,0,0,0,0,0,0
5728,5,0,0,0,0,0,0,0,0,0,0,0
5729,4,0,0,0,0,0,0,0,0,0,0,0
5730,1,0,0,0,0,0,0,0,0,0,0,0
5731,43,0,0,0,0,0,0,0,0,0,0,1
5732,25,0,0,0,0,1,0,0,0,0,0,0
5733,5,0,0,0,0,0,0,0,0,0,0,0
5734,1,0,0,0,0,0,0,0,0,0,0,0
5735,3,0,0,0,0,0,0,0,0,0,0,0
5736,14,0,0,0,0,0,0,0,0,0,0,0
5738,126,1,0,0,0,0,0,0,0,0,0,0
5739,859,4,0,0,0,0,0,2,0,0,1,1
5740,208,0,0,0,1,0,0,3,0,0,0,0
5741,9,0,0,0,0,0,0,0,0,0,0,0
5742,2,0,0,0,0,0,0,0,0,0,0,0
5743,10,0,0,0,0,0,0,0,0,0,0,0
5744,1,0,0,0,0,0,0,0,0,0,0,0
5745,1,0,0,0,0,0,0,0,0,0,0,0
5748,1,0,0,0,0,0,0,0,0,0,0,0
5751,1,0,0,0,0,0,0,0,0,0,0,0
5754,11,0,0,0,0,0,0,0,0,0,0,0
5755,63,0,0,0,2,0,0,0,1,0,0,1
5756,28,0,0,0,0,0,0,0,0,0,0,0
5757,25,0,0,0,0,0,0,0,0,0,0,0
5758,6,0,0,0,0,0,0,0,0,0,0,0
5760,2,0,0,0,0,0,0,0,0,0,0,0
5762,6,0,0,0,0,0,0,0,0,0,0,0
5763,2,0,0,0,0,0,0,0,0,0,0,0
5764,7,0,0,0,0,0,0,0,0,0,0,0
5765,15,0,0,0,0,0,0,0,0,0,0,0
5766,1,0,0,0,0,0,0,0,0,0,0,0
5772,107,0,0,0,0,0,0,0,0,0,0,0
5775,20,0,0,0,0,0,0,0,0,0,0,0
5779,2,0,0,0,0,0,0,0,0,0,0,0
5785,7,0,0,0,0,0,3,0,0,0,0,0
5792,8,0,0,0,0,0,6,0,0,0,0,0
5795,40,0,0,0,0,0,2,0,0,0,0,0
5797,6,0,0,0,0,0,0,0,0,0,0,0
5803,2,0,0,0,0,0,0,0,0,0,0,0
5808,5,0,0,0,0,0,0,0,0,0,0,0
5809,2,0,0,0,0,0,0,0,0,0,0,0
5810,6,0,0,0,0,0,0,0,0,0,1,0
5812,3,0,0,0,0,0,0,0,0,0,0,0
5813,5,0,0,0,0,0,0,0,0,0,0,0
5814,2,0,0,0,0,0,0,0,0,0,0,0
5816,24,0,0,0,0,0,0,0,0,0,0,0
5818,7,0,0,0,0,0,0,0,0,0,0,0
5819,23,0,0,0,0,0,0,0,0,0,0,0
5820,8,0,0,0,0,0,0,0,0,0,0,0
5821,15,0,0,0,0,0,0,0,0,0,0,0
5822,45,0,0,0,0,0,0,0,0,0,0,0
5824,8,0,0,0,0,0,0,0,0,0,0,0
5825,9,0,0,0,0,0,0,0,0,0,0,0
5827,2,0,0,0,0,0,0,0,0,0,0,0
5830,767,0,0,0,1,0,0,0,0,0,0,0
5831,98,0,0,0,0,0,0,0,0,0,0,0
5832,124,0,0,0,0,0,0,0,0,0,0,0
5834,8,0,0,0,0,0,0,0,0,0,0,0
5835,321,0,0,0,0,0,0,0,0,0,0,0
5836,28,1,0,0,0,0,0,0,0,0,0,0
5837,6,0,0,0,0,0,0,0,0,0,0,0
5839,15,0,0,0,0,0,0,0,0,0,0,0
5840,1,0,0,0,0,0,0,0,0,0,0,0
5841,6,0,0,0,0,0,0,0,0,0,0,0
5844,1,0,0,0,0,0,0,0,0,0,0,0
5845,3,0,0,0,0,0,0,0,0,0,0,0
5847,1,0,0,0,0,0,0,0,0,0,0,0
5848,8,0,0,0,0,0,0,0,0,0,0,0
5849,25,0,0,0,0,0,0,0,0,0,0,0
5852,24,0,0,0,0,0,0,0,0,0,0,0
5853,18,0,0,0,0,0,0,0,0,0,0,0
5854,5,0,0,0,0,0,0,0,0,0,0,0
5860,1,0,0,0,0,0,0,0,0,0,0,0
5864,21,0,0,0,0,0,1,0,0,0,0,0
5867,2,0,0,0,0,0,2,0,0,0,0,0
5873,68,0,0,0,0,7,11,0,0,0,0,0
5874,9,0,0,0,0,2,0,0,0,0,0,0
5883,11,0,0,0,0,0,0,0,0,0,0,0
5885,2,0,0,0,0,0,0,0,0,0,0,0
5889,1,0,0,0,0,0,0,0,0,0,0,0
5892,1,0,0,0,0,0,0,0,0,0,0,0
5893,5,0,0,0,0,0,0,0,0,0,0,0
5894,3,0,0,0,0,0,0,0,0,0,0,0
5895,1,0,0,0,0,0,0,0,0,0,0,0
5897,4,0,0,0,0,0,0,0,0,0,0,0
5898,5,0,0,0,0,0,0,0,0,0,0,0
5899,1,0,0,0,0,0,0,0,0,0,0,0
5900,26,0,0,0,0,0,0,0,0,0,0,0
5901,27,0,0,0,0,0,0,0,0,0,0,0
5902,25,0,0,0,0,0,0,0,0,0,0,0
5903,130,0,0,0,0,0,0,4,0,0,0,0
5904,9,0,0,0,0,0,0,0,0,0,0,0
5905,3,0,0,0,0,0,0,0,0,0,0,0
5906,1,0,0,0,0,0,0,0,0,0,0,0
5909,1,0,0,0,0,0,0,0,0,0,0,0
5910,49,0,0,0,0,0,0,0,0,0,0,0
5911,606,0,0,0,0,0,0,0,0,0,0,0
5912,31,0,0,0,0,0,0,0,0,0,0,0
5913,12,0,0,0,0,0,0,0,0,0,0,0
5915,750,0,0,0,0,0,0,0,0,0,0,2
5916,184,0,1,0,0,0,0,0,10,0,0,5
5917,77,2,0,0,0,0,0,0,3,0,0,0
5918,91,0,0,0,0,0,0,0,0,0,0,0
5919,54,0,0,0,0,0,0,0,3,0,0,0
5920,7,0,0,0,0,0,0,0,0,0,0,0
5921,29,0,0,0,0,0,0,0,1,0,0,0
5924,106,0,0,0,0,0,0,0,1,0,0,0
5925,50,0,0,0,0,0,0,0,0,0,0,1
5926,3,0,0,0,0,0,0,0,0,0,0,0
5927,4,0,0,0,0,0,0,0,0,0,0,0
5928,3,0,0,0,0,0,0,0,0,0,0,0
5929,5,0,0,0,0,0,0,0,0,0,0,0
5930,8,0,0,0,0,0,0,0,0,0,0,0
5931,19,0,0,0,0,0,0,0,0,0,0,0
5932,29,0,0,0,0,0,0,0,0,0,0,0
5935,12,0,0,0,0,0,0,0,0,0,0,0
5946,63,0,0,0,0,0,0,0,0,0,0,0
5948,2,0,0,0,0,0,0,0,0,0,0,0
5949,2,0,0,0,0,0,0,0,0,0,0,0
5955,2,0,0,0,0,0,0,0,0,0,0,0
5961,2,0,0,0,0,0,0,0,0,0,0,0
5964,7,0,0,0,0,0,0,0,0,0,0,0
5966,1,0,0,0,0,0,0,0,0,0,0,0
5968,9,0,0,0,0,0,0,0,0,0,0,0
5972,1,0,0,0,0,0,0,0,0,0,0,0
5976,1,0,0,0,0,0,0,0,0,0,0,0
5978,13,0,0,0,0,0,0,0,0,1,0,0
5979,27,0,0,0,0,0,0,0,0,0,0,0
5980,9,0,0,0,0,0,0,0,0,0,0,0
5981,55,0,0,0,0,0,0,0,0,0,0,0
5982,83,0,0,0,0,0,0,0,0,0,0,0
5983,234,0,0,0,0,0,0,2,0,0,0,0
5984,6,0,0,0,0,0,0,0,0,0,0,0
5985,3,0,0,0,0,0,0,0,0,0,0,0
5986,55,0,0,0,0,0,0,0,0,0,0,0
5987,4,0,0,0,0,0,0,0,0,0,0,0
5990,2,0,0,0,0,0,0,0,0,0,0,0
5991,145,0,0,0,0,0,0,0,0,0,0,0
5992,2,0,0,0,0,0,0,0,0,0,0,0
5993,18,0,0,0,0,0,0,0,0,0,0,0
5994,353,0,0,0,0,0,0,0,0,0,0,0
5995,11,0,0,0,0,0,0,0,0,0,0,0
5996,5118,0,0,1,0,0,0,0,0,0,0,0
5997,273,0,0,0,0,0,0,0,6,0,0,0
5998,365,0,2,0,0,0,0,0,4,0,0,0
5999,546,0,0,0,0,0,0,0,2,0,0,0
6000,16,0,0,0,0,0,0,0,0,0,0,0
6001,1,0,0,0,1,0,0,0,0,0,0,0
6002,30,0,0,0,0,0,0,0,0,0,0,0
6003,8,0,0,0,0,0,0,0,0,0,0,0
6004,2,0,0,0,0,0,0,0,0,0,0,0
6005,43,0,0,0,0,0,0,0,2,0,0,1
6006,5,0,0,0,0,0,0,0,0,0,0,0
6007,62,0,0,0,0,0,0,0,1,0,0,0
6008,24,0,0,0,0,0,0,0,0,0,0,0
6009,624,0,0,0,0,0,0,0,0,0,0,0
6010,21,0,0,0,0,0,0,0,0,0,0,0
6011,1,0,0,0,0,0,0,0,0,0,0,0
6013,14,0,0,0,0,0,0,0,0,0,0,0
6014,24,0,0,0,0,0,0,0,0,0,0,0
6019,44,0,0,0,0,0,0,0,0,0,0,0
6033,7,0,0,0,0,0,0,0,0,0,0,0
6042,7,0,0,0,0,0,0,0,0,0,0,0
6043,17,0,0,0,0,0,0,0,0,0,0,0
6046,1,0,0,0,0,0,0,0,0,0,0,0
6047,2,0,0,0,0,0,0,0,0,0,0,0
6048,1,0,0,0,0,0,0,0,0,0,0,0
6049,10,0,0,0,0,0,0,0,0,0,0,0
6057,2,0,0,0,0,0,0,0,0,0,0,0
6059,25,0,0,0,1,0,0,0,0,0,0,0
6060,73,0,0,0,0,0,0,0,0,2,0,0
6061,67,0,5,1,2,0,0,0,0,1,0,0
6062,53,0,0,0,0,0,0,0,0,0,0,0
6063,11,0,0,0,0,0,0,0,0,1,0,0
6064,25,0,0,0,0,0,0,0,0,0,0,0
6065,24,0,0,0,0,0,0,0,0,0,0,0
6066,13,0,0,0,0,0,0,0,0,0,0,0
6067,4,0,0,0,0,0,0,0,0,0,0,0
6068,9,0,0,0,0,0,0,0,0,0,0,0
6069,1041,0,0,0,0,0,0,0,0,0,0,0
6070,310,0,0,0,0,0,0,0,0,0,0,0
6071,3,0,0,0,0,0,0,0,0,0,0,0
6074,2,0,0,0,0,0,0,0,0,0,0,0
6075,671,0,0,0,0,0,0,0,0,0,0,0
6076,403,0,0,0,0,0,0,0,0,0,0,0
6077,47,0,0,0,0,0,0,0,0,0,0,0
6078,76,0,0,0,0,0,0,0,0,0,0,0
6079,86,0,0,0,0,0,0,0,0,0,0,0
6080,3,0,0,0,0,0,0,0,0,0,0,0
6082,21,0,0,0,0,0,0,0,0,0,0,0
6083,4,0,0,0,0,0,0,0,0,0,0,0
6084,2,0,0,0,0,0,0,0,0,0,0,0
6085,3,0,0,0,0,0,0,0,0,0,0,0
6086,14,0,0,0,0,0,0,0,0,0,0,0
6087,38,0,0,0,0,0,0,0,0,0,0,0
6088,153,0,0,0,1,0,0,0,6,0,1,0
6089,445,0,0,0,0,0,0,0,0,0,1,3
6090,240,0,0,0,1,0,0,0,0,0,0,0
6091,1,0,0,0,0,0,0,0,0,0,0,0
6092,1,0,0,0,0,0,0,0,0,0,0,0
6093,2,0,0,0,0,0,0,0,0,0,0,0
6094,31,0,0,0,0,0,0,0,0,0,0,0
6099,2,0,0,0,0,0,0,0,0,0,0,0
6118,7,0,0,0,0,0,0,0,0,0,0,0
6124,35,0,0,0,0,0,5,0,1,0,0,0
6127,1,0,0,0,0,0,0,0,0,0,0,0
6128,5,0,0,0,0,0,0,0,0,0,0,0
6130,1,0,0,0,0,0,0,0,0,0,0,0
6138,1,0,0,0,0,0,0,0,0,0,0,0
6139,1,0,0,0,0,0,0,0,0,0,0,0
6140,503,0,1,12,2,3,0,0,0,7,0,1
6141,581,0,3,2,3,0,0,0,0,16,0,1
6142,40,0,0,0,0,1,0,0,0,0,0,1
6143,19,0,0,0,0,0,0,0,0,1,0,0
6144,9,0,0,0,0,0,0,0,0,0,0,0
6145,28,0,0,0,0,0,0,1,0,0,0,0
6146,548,0,0,0,0,0,0,0,0,0,0,0
6147,85,0,0,0,0,0,0,0,0,0,0,0
6148,19,0,0,0,0,0,0,0,0,0,0,0
6149,746,0,0,0,0,0,0,0,0,0,0,0
6150,293,0,0,0,0,0,0,0,0,0,0,0
6151,5,0,0,0,0,0,0,0,0,0,0,0
6153,63,0,0,0,0,0,0,0,0,0,0,0
6154,237,0,0,1,0,0,0,0,0,0,0,0
6155,50,0,0,0,0,0,0,0,0,0,0,0
6156,7,0,0,0,0,0,0,0,0,0,0,0
6157,61,0,0,0,0,0,0,0,0,0,0,0
6158,25,0,0,0,0,0,0,0,0,0,0,0
6159,164,0,0,0,0,0,0,0,0,0,0,0
6160,13,0,0,0,0,0,0,0,1,0,0,0
6163,12,0,1,0,0,0,0,0,0,0,0,0
6164,4,0,0,0,0,0,0,0,0,0,0,0
6165,28,0,0,0,0,0,0,0,0,0,0,0
6166,52,0,0,0,0,0,0,0,0,0,1,0
6167,2,0,0,0,0,0,0,0,0,0,0,0
6168,3120,3,0,0,0,0,0,0,4,0,0,1
6169,2560,0,4,2,4,0,0,0,1,1,0,24
6170,47,0,0,0,0,0,0,0,0,0,0,2
6171,14,0,0,0,0,0,0,0,0,0,0,0
6172,2398,0,0,0,0,0,0,0,0,0,0,0
6175,25,0,0,0,0,0,0,0,0,0,0,0
6198,2,0,0,0,0,0,0,0,0,0,0,0
6213,1911,0,0,0,0,0,16,0,0,0,0,0
6215,1460,0,0,0,0,0,2,0,0,0,0,0
6218,2,0,0,0,0,0,0,0,0,0,0,0
6219,128,0,0,0,0,2,0,0,0,2,0,0
6220,215,0,2,0,0,1,0,0,0,2,0,3
6221,26,0,0,0,0,0,0,0,0,0,0,0
6222,82,0,0,0,0,0,0,0,0,0,0,0
6223,530,0,0,0,0,0,0,7,0,0,0,0
6224,932,0,0,0,0,0,0,6,0,0,0,0
6225,106,0,0,0,0,0,0,0,0,0,0,0
6226,18,0,0,0,0,0,0,0,0,0,0,0
6227,1,0,0,0,0,0,0,0,0,0,0,0
6228,293,0,0,0,0,0,0,0,0,0,0,0
6229,31,0,0,0,0,0,0,0,0,0,0,0
6230,23,0,0,0,0,0,0,0,0,0,0,0
6231,26,0,0,0,0,0,0,0,0,0,0,0
6232,10,0,0,0,0,0,0,0,0,0,0,0
6233,2000,0,1,6,0,0,0,0,0,1,0,1
6234,3,0,0,0,0,0,0,0,0,0,0,0
6235,1,0,0,0,0,0,0,0,0,0,0,0
6236,29,0,0,0,1,0,0,0,0,0,0,0
6237,38,0,0,0,0,0,0,0,0,0,0,0
6238,821,0,0,0,0,0,0,0,0,0,0,0
6239,25,0,0,0,0,0,0,0,0,0,0,0
6240,3,0,0,0,0,0,0,0,0,0,0,0
6241,2,0,0,0,0,0,0,0,0,0,0,0
6242,3,0,0,0,0,0,0,0,0,0,0,0
6243,2,0,0,0,0,0,0,0,0,0,0,0
6244,36,0,0,0,0,0,0,0,0,0,0,0
6245,4,0,0,0,0,0,0,0,0,0,0,0
6246,309,0,0,0,0,0,0,0,0,0,0,0
6247,144,0,0,0,0,0,0,0,3,0,0,0
6248,1259,0,1,1,0,0,0,0,3,0,2,18
6249,196,0,0,1,0,0,0,0,0,0,0,21
6250,1,0,0,0,0,0,0,0,0,0,0,0
6254,1,0,0,0,0,0,0,0,0,0,0,0
6269,1,0,0,0,0,0,0,0,0,0,0,0
6281,1,0,0,0,0,1,0,0,0,0,0,0
6283,1,0,0,0,0,0,0,0,0,0,0,0
6291,1203,0,0,0,0,0,0,0,0,0,0,0
6292,2713,0,0,0,0,0,17,0,0,0,0,0
6293,6,0,0,0,0,3,0,0,0,0,0,0
6298,201,0,2,0,0,0,0,0,0,0,0,0
6299,15,0,1,0,0,0,0,0,0,0,0,0
6300,3,0,0,0,0,0,0,0,0,0,0,0
6301,86,0,0,0,0,0,0,0,0,0,0,0
6302,223,0,0,0,0,0,0,0,0,0,0,0
6303,1094,0,0,0,1,0,0,2,0,0,0,0
6304,154,0,0,0,0,0,0,0,0,0,0,0
6305,100,0,0,0,0,0,0,0,0,0,0,0
6306,15,0,0,0,0,0,0,0,0,0,0,0
6307,49,0,0,0,0,0,0,0,0,0,0,0
6308,42,0,0,0,0,0,0,0,0,0,0,0
6309,7,0,0,0,0,0,0,0,0,0,0,0
6310,9,0,0,0,0,0,0,0,0,0,0,0
6311,13,0,0,0,0,0,0,0,0,0,0,0
6312,2,0,0,0,0,0,0,0,0,0,0,0
6313,203,0,0,0,0,0,0,0,0,0,0,0
6314,15,0,0,0,0,0,0,0,0,0,0,0
6315,15,0,0,0,0,0,0,0,0,0,0,0
6316,6,0,0,0,0,0,0,0,0,0,0,0
6318,110,0,0,0,0,0,0,0,0,0,0,0
6319,13,0,0,0,0,0,0,0,0,0,0,1
6320,351,0,0,0,0,0,0,0,0,0,0,0
6321,27,0,0,0,0,0,0,0,0,0,0,0
6322,94,0,2,0,0,0,0,0,1,0,0,0
6323,21,0,0,0,0,0,0,0,0,0,0,0
6324,4,0,0,0,0,0,0,0,1,0,0,0
6325,60,0,0,0,0,0,0,0,0,0,0,0
6326,18,0,0,0,0,0,0,0,0,1,0,0
6327,71,0,3,0,0,0,0,0,2,1,0,0
6328,17,0,0,0,0,0,0,0,0,0,0,0
6329,1,0,0,0,0,0,0,0,0,0,0,0
6330,2,0,0,0,0,0,0,0,0,0,0,0
6340,1,0,0,0,0,0,0,0,0,0,0,0
6364,1,0,0,0,0,0,0,0,0,0,0,0
6368,202,0,0,0,0,0,2,0,2,0,0,0
6377,91,0,0,0,0,0,0,0,0,1,0,1
6378,54,0,0,0,0,0,0,0,0,0,0,4
6379,6,0,0,0,0,0,0,0,0,0,0,0
6380,13,0,0,0,0,0,0,0,0,0,0,0
6381,1193,0,0,0,0,0,0,0,0,0,0,0
6382,1696,0,0,0,0,0,0,0,0,0,0,0
6383,324,0,0,0,0,0,0,0,0,0,0,0
6384,576,0,0,0,0,0,0,0,0,0,0,0
6385,10,0,0,0,0,0,0,0,0,0,0,0
6386,2,0,0,0,0,0,0,0,0,0,0,0
6387,8,0,0,0,0,0,0,0,0,0,0,0
6388,87,0,0,0,0,0,0,0,0,0,0,0
6389,90,0,0,0,0,0,0,0,0,0,0,0
6390,11,0,0,0,0,0,0,0,0,0,0,0
6392,20,0,0,0,0,0,0,0,0,0,0,0
6393,25,0,0,0,0,0,0,0,0,0,0,0
6394,12,0,0,0,0,0,0,0,0,0,0,0
6395,348,0,0,0,0,0,0,0,1,0,0,0
6396,81,0,0,0,0,0,0,0,0,0,0,0
6398,11,0,0,0,0,0,0,0,0,0,0,0
6399,313,0,0,0,0,0,0,0,3,0,0,0
6400,6,0,1,0,0,0,0,0,0,0,0,0
6401,52,0,2,0,0,0,0,0,0,0,0,0
6402,18,0,0,0,0,0,0,0,5,0,0,0
6403,60,0,0,0,0,0,0,0,0,0,0,0
6404,45,0,0,0,0,0,0,0,0,0,0,0
6405,20,0,0,0,0,0,0,0,0,0,0,0
6406,130,0,0,0,0,0,0,0,0,0,0,0
6407,12,0,0,0,0,0,0,0,0,0,0,0
6410,4,0,0,1,0,0,0,0,0,0,0,0
6412,21,0,0,0,0,0,0,0,0,0,0,0
6413,16,0,0,0,0,0,0,0,0,0,0,0
6416,1,0,0,0,0,0,0,0,0,0,0,0
6418,10,0,0,0,0,0,0,0,0,0,0,0
6419,1139,0,0,0,0,0,0,0,0,0,0,0
6420,5884,0,0,0,0,0,0,0,0,0,0,0
6422,2025,0,0,0,0,0,0,0,0,0,0,0
6429,3,0,0,0,0,0,0,0,0,0,0,0
6431,1,0,0,0,0,0,1,0,0,0,0,0
6438,1,0,0,0,0,0,0,0,0,0,0,0
6442,4,0,0,0,0,0,0,0,0,0,0,0
6443,3,0,0,0,0,0,0,0,0,0,0,0
6449,1,0,0,0,0,0,0,0,0,0,0,0
6455,20,0,0,0,0,0,0,0,0,1,0,0
6456,110,0,3,0,0,0,0,0,0,1,0,0
6457,29,0,0,0,0,0,0,0,0,0,0,0
6458,1,0,0,0,0,0,0,0,0,0,0,0
6459,30,0,0,0,0,0,0,0,0,0,0,0
6460,369,0,0,0,0,0,0,3,0,0,0,0
6461,336,0,0,0,0,0,0,2,0,0,0,0
6462,187,0,0,0,0,0,0,0,0,0,0,0
6463,116,0,0,0,0,0,0,0,0,0,0,0
6464,335,0,0,0,0,0,0,0,0,0,0,0
6465,38,0,0,0,0,0,0,0,0,0,0,0
6466,70,0,0,0,0,0,0,0,0,0,0,0
6467,31,0,0,0,0,0,0,0,0,0,0,0
6468,1,0,0,0,0,0,0,0,0,0,0,0
6469,33,0,0,0,0,0,0,0,0,0,0,0
6470,53,0,0,0,0,0,0,0,0,1,0,0
6471,80,0,0,0,0,0,0,0,0,0,0,0
6472,17,0,0,0,0,0,0,0,0,0,0,0
6473,885,0,0,0,0,0,0,0,1,0,0,0
6474,356,0,0,0,0,0,0,0,0,0,0,0
6475,6,0,0,0,0,0,0,0,0,0,0,0
6476,1072,0,0,0,0,0,0,0,0,0,0,0
6477,734,0,0,0,0,0,0,0,0,0,0,0
6478,18,0,0,0,0,0,0,0,1,0,0,0
6479,64,0,2,0,0,0,0,0,0,0,0,0
6480,47,0,1,0,0,0,0,0,0,0,0,0
6481,19,0,0,0,0,0,0,0,0,0,0,0
6482,20,0,0,0,0,0,0,0,0,0,0,0
6483,9,0,0,0,0,0,0,0,0,0,0,0
6484,18,0,1,0,0,0,0,0,0,0,0,0
6485,4,0,0,0,0,0,0,0,0,0,0,0
6488,2,0,0,0,0,0,0,0,0,0,0,0
6490,8,0,0,0,0,0,0,0,0,0,0,0
6494,43,0,0,0,0,0,0,0,0,0,0,0
6500,1,0,0,0,0,0,0,0,0,0,0,0
6507,171,0,0,0,0,0,0,0,0,0,0,0
6508,7,0,0,0,0,0,0,0,0,0,0,0
6529,1,0,0,0,0,0,0,0,0,0,0,0
6533,1,0,0,0,0,0,0,0,0,0,0,0
6534,38,0,0,0,0,0,0,0,0,0,0,0
6535,6,0,1,0,0,0,0,0,0,0,0,0
6537,6,0,0,0,0,0,0,0,0,0,0,0
6538,80,0,0,0,0,0,0,0,0,0,0,0
6539,481,0,0,0,0,0,0,0,0,0,0,0
6540,439,0,0,0,0,0,0,0,0,0,0,0
6541,92,0,0,0,0,0,0,0,0,0,0,0
6542,145,0,0,0,0,0,0,0,0,0,0,0
6543,415,0,0,0,0,0,0,0,0,0,0,0
6545,2,0,0,0,0,0,0,0,0,0,0,0
6546,694,0,0,0,0,0,0,0,0,0,0,0
6547,150,0,0,0,0,0,0,0,0,0,0,0
6548,8,0,0,0,0,0,0,0,0,0,0,0
6549,90,0,0,0,0,0,0,0,0,0,0,0
6550,371,0,0,0,0,0,0,0,0,0,0,0
6551,332,0,0,0,0,0,0,0,0,0,0,0
6552,87,0,0,0,0,0,0,0,0,0,0,0
6553,127,0,0,0,0,0,0,0,0,0,0,0
6554,98,0,0,0,0,0,0,0,1,0,0,0
6555,11,0,0,0,0,0,0,0,0,0,0,0
6556,4,0,0,0,0,0,0,0,0,0,0,0
6557,8,0,0,0,0,0,0,0,0,0,0,0
6558,8,0,0,0,0,0,0,0,5,0,0,0
6559,31,0,0,0,0,0,0,0,0,0,0,0
6560,17,0,0,0,0,0,0,0,0,0,0,0
6561,186,1,0,0,0,0,0,0,1,0,0,0
6562,55,0,0,0,0,0,0,0,0,0,0,0
6563,5,0,0,0,0,0,0,0,0,0,0,0
6564,2,0,0,0,0,0,0,0,0,0,0,0
6565,3,0,0,0,0,0,0,0,0,0,0,0
6566,3,0,0,0,0,0,0,0,0,0,0,0
6575,1,0,0,0,0,0,0,0,0,0,0,0
6587,1,0,0,0,0,0,0,0,0,0,0,0
6590,7,0,0,0,0,0,0,0,0,0,0,0
6602,1883,0,0,0,0,0,88,0,0,0,0,0
6611,87,0,0,0,0,0,0,0,0,0,0,0
6612,136,0,1,0,0,0,0,0,0,0,0,0
6613,31,0,0,0,0,0,0,0,0,0,0,0
6614,1,0,0,0,0,0,0,0,0,0,0,0
6615,14,0,0,0,0,0,0,0,0,0,0,0
6616,455,0,0,0,0,0,0,0,0,0,1,0
6617,78,0,0,0,0,0,0,0,0,0,0,0
6618,314,0,0,0,0,0,0,0,0,0,0,0
6619,146,0,0,0,0,0,0,0,0,0,0,0
6620,252,0,0,0,0,0,0,0,0,0,0,0
6621,576,0,0,0,0,0,0,0,0,0,0,0
6622,34,0,0,0,0,0,0,0,0,0,0,0
6623,43,0,0,0,0,0,0,0,0,0,0,0
6624,110,0,0,0,0,0,0,0,0,0,0,0
6625,86,0,0,0,0,0,0,0,0,0,0,0
6626,147,0,0,0,0,0,0,0,0,0,0,0
6627,158,0,0,0,0,0,0,0,0,0,0,0
6628,121,0,0,0,0,0,0,0,0,0,0,0
6629,130,0,0,0,0,0,0,0,0,0,0,0
6631,19,0,0,0,0,0,0,0,0,0,0,0
6632,84,0,0,0,0,0,0,0,0,1,0,0
6633,95,0,1,0,1,0,0,0,0,0,0,0
6634,159,0,0,0,0,0,0,0,0,0,0,0
6635,5,0,0,0,0,0,0,0,0,0,0,0
6636,65,0,0,0,0,0,0,0,0,0,0,0
6637,47,0,0,0,0,0,0,0,0,0,0,0
6638,39,0,0,0,0,0,0,0,0,0,0,0
6651,28,0,0,0,0,0,0,0,0,0,0,0
6657,1,0,0,0,0,0,0,0,0,0,0,0
6684,4,0,0,0,0,0,0,0,0,0,0,0
6685,23,0,0,0,0,0,0,0,0,0,0,0
6686,42,0,0,0,0,0,0,0,0,0,0,0
6687,33,0,0,0,0,0,0,0,0,0,0,0
6689,66,0,1,0,0,0,0,0,0,0,0,1
6690,21,0,0,0,0,0,0,0,0,0,0,0
6691,177,0,0,0,0,0,0,0,0,0,0,0
6692,102,0,0,1,0,0,0,0,0,0,0,5
6693,243,0,0,0,0,0,0,0,0,0,0,0
6694,592,0,0,0,0,0,0,0,0,0,0,0
6695,56,0,0,0,0,0,0,0,0,0,0,0
6696,54,0,0,0,0,0,0,0,0,0,0,0
6697,137,0,0,0,0,0,0,0,0,0,0,0
6698,144,0,0,0,0,0,0,0,0,0,0,0
6699,10,0,0,0,0,0,0,0,0,0,0,0
6700,1,0,0,0,0,0,0,0,0,0,0,0
6701,14,0,0,0,0,0,0,0,0,0,0,0
6702,1,0,1,0,0,0,0,0,0,0,0,0
6703,25,0,0,0,0,0,0,0,0,0,0,0
6704,44,0,0,0,0,0,0,0,0,0,0,0
6705,51,0,0,0,0,0,0,0,0,0,0,0
6707,13,0,0,0,0,0,0,0,0,0,0,0
6710,3,0,0,0,0,0,0,0,0,0,0,0
6711,19,0,0,1,2,0,0,0,0,0,0,0
6712,10,0,0,0,0,0,0,0,0,0,0,0
6713,8,0,0,0,0,0,0,0,0,0,0,0
6714,94,0,0,0,0,0,0,0,0,0,1,0
6715,55,0,0,0,0,0,0,0,0,0,1,0
6716,35,0,0,0,0,0,0,0,0,0,3,0
6717,19,0,0,0,0,0,0,0,0,0,1,0
6720,1,0,0,0,0,0,0,0,0,0,0,0
6756,20,0,0,0,0,0,0,0,0,0,0,0
6757,27,0,0,0,0,0,0,0,0,0,0,0
6758,57,0,0,0,0,0,0,0,0,0,0,0
6759,35,0,0,0,0,0,0,0,0,0,0,0
6760,17,0,0,0,0,1,0,0,0,0,0,0
6761,23,0,0,0,0,0,0,0,0,0,0,0
6762,7,0,0,0,0,0,0,0,0,0,0,0
6763,53,0,0,0,0,0,0,0,0,0,0,0
6764,58,0,0,0,0,0,0,0,0,0,0,0
6765,33,0,0,0,0,0,0,0,0,0,0,0
6766,6,0,1,0,0,0,0,0,0,0,0,0
6767,23,0,0,0,0,0,0,0,0,0,0,0
6768,16,0,0,0,0,0,0,0,0,0,0,0
6769,73,0,0,0,0,0,0,0,0,0,0,0
6770,141,0,0,0,0,0,0,0,0,0,0,0
6771,269,0,0,0,0,0,0,0,0,0,0,0
6772,124,0,0,0,0,0,0,0,0,0,0,0
6773,24,0,0,0,0,0,0,0,0,0,0,0
6775,23,0,0,0,0,0,0,0,0,0,0,0
6776,95,0,0,0,0,0,0,0,0,0,0,0
6777,9,0,0,0,0,0,0,0,0,0,0,0
6778,30,0,0,0,0,0,0,0,0,0,0,0
6780,3,0,0,0,0,0,0,0,0,0,0,0
6782,3,0,0,0,0,0,0,0,0,0,0,0
6783,15,0,0,0,0,0,0,0,0,0,0,0
6784,10,0,0,0,0,0,0,0,0,0,0,0
6787,1,0,0,0,0,0,0,0,0,0,0,0
6788,1,0,0,0,0,0,0,0,0,0,0,0
6789,4,0,0,0,0,0,0,0,0,0,0,1
6790,13,0,0,0,0,0,0,0,0,0,0,0
6791,14,0,0,0,0,0,0,0,0,2,3,0
6792,154,0,0,0,0,0,0,0,0,0,7,0
6793,94,0,0,0,0,0,0,0,0,0,18,0
6794,51,0,0,0,0,0,0,0,0,0,24,0
6795,114,0,0,0,0,0,0,0,0,0,16,0
6796,43,0,0,0,0,0,0,0,0,0,3,0
6797,1,0,0,0,0,0,0,0,0,0,0,0
6798,3,0,0,0,0,0,0,0,0,0,0,0
6799,6,0,0,0,0,0,0,0,0,0,0,0
6800,3,0,0,0,0,0,0,0,0,0,0,0
6801,16,0,0,0,0,0,0,0,0,0,0,0
6802,3,0,0,0,0,0,0,0,0,0,0,0
6807,1,0,0,1,0,0,0,0,0,0,0,0
6813,1,0,0,0,0,0,0,0,0,0,0,0
6814,2,0,0,0,0,0,0,0,0,0,0,0
6823,1,0,0,0,0,0,0,0,0,0,0,0
6831,7,0,0,0,0,0,0,0,0,0,0,0
6833,56,0,0,0,0,0,1,0,1,0,0,0
6834,118,0,0,0,0,0,0,0,0,0,0,0
6835,74,0,0,0,0,0,0,0,0,0,0,0
6836,61,0,0,0,0,0,0,0,0,0,0,0
6837,38,0,0,0,0,0,0,0,0,0,0,0
6838,42,0,0,0,0,0,0,0,0,0,1,1
6839,72,0,0,0,0,10,0,0,0,3,0,0
6840,13,0,0,0,0,0,0,0,0,0,0,0
6841,14,0,1,0,0,0,0,0,0,0,0,0
6842,54,0,0,0,0,0,0,0,0,0,0,0
6843,55,0,7,0,0,0,0,0,0,0,1,0
6844,17,0,0,0,0,0,0,0,0,0,0,0
6845,1,0,0,0,0,0,0,0,0,0,0,0
6846,1,0,0,0,0,0,0,0,0,0,0,0
6847,157,0,0,0,0,0,0,0,0,0,0,0
6848,48,0,0,0,0,0,0,0,0,0,0,0
6849,228,0,0,0,0,0,0,0,0,1,0,0
6850,70,0,0,0,0,0,0,0,0,0,0,0
6851,6,0,0,0,0,0,0,0,0,0,0,0
6852,11,0,0,0,0,0,0,0,0,0,0,0
6853,15,0,0,0,0,0,0,0,0,0,0,0
6855,213,0,0,0,0,0,0,0,0,0,0,0
6856,78,0,0,0,0,0,0,0,0,0,0,0
6857,30,0,0,0,0,0,0,0,0,0,0,0
6858,44,0,0,0,0,0,0,0,0,0,0,0
6859,1,0,0,0,0,0,0,0,0,0,0,0
6862,51,0,0,0,0,0,0,0,0,0,0,0
6864,2,0,0,0,0,0,0,0,0,0,0,0
6866,110,0,0,0,0,0,0,0,0,0,0,0
6868,70,0,1,0,0,0,0,0,0,0,0,0
6870,494,0,0,0,2,0,0,0,14,0,9,0
6871,31,0,1,0,0,0,0,0,0,0,5,0
6872,31,0,0,0,0,0,0,0,0,0,11,0
6873,734,0,0,0,4,0,0,0,0,0,37,0
6874,2,0,0,0,0,0,0,0,0,0,0,0
6876,7,0,0,0,0,0,0,0,0,0,0,0
6883,23,0,0,0,0,0,0,0,0,0,0,0
6884,7,0,0,0,0,0,0,0,0,0,0,0
6888,4,0,0,0,0,0,0,0,0,0,0,0
6889,2,0,0,0,0,0,0,0,0,0,0,0
6893,1,0,0,0,0,0,0,0,0,0,0,0
6894,5,0,0,0,0,0,0,0,0,0,0,0
6901,1,0,0,0,0,0,0,0,0,0,0,0
6902,3,0,0,0,0,0,0,0,0,0,0,0
6904,10,0,0,0,0,0,0,0,0,0,0,0
6908,728,0,0,0,0,0,8,0,0,0,0,0
6909,1205,0,0,0,0,0,51,0,0,0,0,0
6910,2,0,0,0,0,0,0,0,0,0,0,0
6911,14,0,4,0,0,0,0,0,0,0,0,0
6912,60,0,0,0,0,0,1,0,1,0,0,0
6913,31,0,1,0,0,0,0,0,0,0,0,0
6914,42,0,0,0,0,0,0,0,0,0,0,0
6915,45,0,0,0,0,0,0,0,0,0,0,0
6916,25,0,0,0,0,0,0,0,0,0,0,0
6917,72,0,5,0,0,0,0,0,0,1,0,0
6918,16,0,1,0,0,0,0,0,0,0,0,0
6919,8,0,0,0,0,0,0,0,0,0,0,0
6920,32,0,3,0,0,0,0,0,0,0,0,0
6921,27,0,0,0,0,0,0,0,0,0,0,0
6922,8,0,0,0,0,0,0,0,0,0,0,0
6923,16,0,0,0,0,0,0,0,0,0,0,0
6925,10,0,0,0,0,0,0,0,0,0,0,0
6926,28,0,0,0,0,0,0,0,0,0,0,0
6927,33,0,0,0,0,0,0,0,0,0,0,0
6928,51,0,0,0,0,0,0,0,0,0,0,0
6929,170,0,0,0,0,0,0,0,0,0,0,0
6930,24,0,0,0,0,0,0,0,0,0,0,0
6931,1,0,0,0,0,0,0,0,0,0,0,0
6932,72,0,0,0,0,0,0,0,0,0,0,0
6933,13,0,0,0,0,0,0,0,0,0,0,0
6934,40,0,0,0,0,0,0,0,0,0,0,0
6938,5,0,0,0,0,0,0,0,0,0,0,0
6939,149,0,0,0,0,0,0,0,0,0,0,0
6942,9,0,0,0,0,0,0,0,0,0,0,0
6943,4,0,0,0,0,0,0,0,0,0,0,0
6944,4,0,0,0,0,0,0,0,0,0,0,1
6945,14,0,0,0,0,0,0,0,0,0,0,0
6946,10,0,0,0,0,0,0,0,0,0,1,0
6947,191,0,0,0,0,0,0,0,1,0,4,0
6948,1310,0,1,9,1,0,0,0,0,6,1,0
6949,1643,0,0,1,0,0,0,0,13,0,5,0
6950,43,0,0,0,0,0,0,0,0,0,1,0
6951,62,0,0,0,0,0,0,0,0,0,0,0
6952,8,0,0,0,0,0,0,0,0,0,0,1
6953,2,0,0,0,0,0,0,0,0,0,0,0
6954,1,0,0,0,0,0,0,0,0,0,0,0
6956,3,0,0,3,0,0,0,0,0,0,0,0
6959,11,0,0,0,0,0,0,0,0,0,0,0
6963,1,0,0,0,0,0,0,0,0,0,0,0
6966,1,0,0,0,0,0,0,0,0,0,0,0
6980,27,0,0,0,0,0,0,0,0,0,0,0
6986,51,0,0,0,0,0,0,0,0,0,0,1
6987,1416,0,0,0,0,0,4,0,0,0,0,0
6988,115,0,1,0,0,1,0,0,0,0,0,0
6989,40,0,3,0,0,2,0,0,0,0,0,0
6990,78,0,0,0,0,0,0,0,0,0,0,0
6991,61,0,0,0,0,1,0,0,0,0,0,0
6992,12,0,0,0,0,1,0,0,0,0,0,0
6993,18,0,0,0,0,0,0,0,0,0,0,0
6994,8,0,0,0,0,0,0,0,0,0,0,0
6995,18,0,0,0,0,0,0,0,0,0,0,0
6996,20,0,0,0,0,0,0,0,0,0,0,0
6997,8,0,1,0,0,0,0,0,0,0,0,0
6998,10,0,0,0,0,0,0,0,0,0,0,0
6999,5,0,0,0,0,0,0,0,0,0,0,0
7001,1,0,0,0,0,0,0,0,0,0,0,0
7002,62,0,0,0,0,0,0,0,0,0,0,0
7003,120,0,0,0,0,0,0,0,0,0,0,0
7004,319,0,0,0,0,0,0,0,0,0,0,0
7005,406,0,0,0,0,0,0,0,0,0,0,0
7006,23,0,0,0,0,0,0,0,0,0,0,0
7007,1,0,0,0,0,0,0,0,0,0,0,0
7008,14,0,0,0,0,0,0,0,0,0,0,0
7009,8,0,0,0,0,0,0,0,0,0,0,0
7010,60,0,0,0,0,0,0,0,0,0,0,0
7012,10,0,0,0,0,0,0,0,0,0,0,0
7014,3,0,0,0,0,0,0,0,0,0,0,0
7015,10,0,0,0,0,0,0,0,0,0,0,0
7017,1,0,0,0,0,0,0,0,0,0,0,0
7018,600,0,0,0,0,0,0,0,0,0,0,0
7019,1915,0,0,0,0,0,0,0,0,0,2,0
7020,138,0,1,0,0,0,0,0,0,0,5,0
7021,35,0,0,0,0,0,0,0,0,0,4,0
7022,1022,0,6,3,0,0,0,0,0,1,3,0
7023,694,0,0,0,3,0,0,0,0,0,4,0
7024,90,0,0,0,0,0,0,0,0,0,0,0
7025,2,0,0,0,0,0,0,0,0,0,0,0
7030,1,0,0,1,0,0,0,0,0,0,0,0
7031,26,0,0,10,0,0,0,0,0,0,0,0
7032,1,0,0,1,0,0,0,0,0,0,0,0
7033,1,0,0,1,0,0,0,0,0,0,0,0
7034,5,0,0,0,0,0,0,0,0,0,0,0
7036,2,0,0,0,0,0,0,0,0,0,0,0
7037,2,0,0,0,0,0,0,0,0,0,0,0
7038,14,0,4,3,0,0,0,0,0,0,0,0
7039,2,0,0,0,0,0,0,0,0,0,0,0
7040,4,0,0,0,0,0,0,0,0,0,0,0
7042,119,0,0,0,0,0,0,0,0,0,0,0
7051,29,0,0,0,0,0,0,0,0,0,0,0
7052,79,0,0,0,0,0,0,0,0,0,0,0
7053,1,0,0,0,0,1,0,0,0,0,0,0
7054,1,0,0,0,0,1,0,0,0,0,0,0
7057,16,0,0,0,0,0,0,0,0,0,0,0
7058,9,0,0,0,0,0,0,0,0,0,0,0
7060,3,0,0,0,0,0,0,0,0,0,0,0
7061,35,0,0,0,0,0,0,0,0,0,0,0
7062,32,0,4,0,0,0,0,0,2,0,0,0
7063,31,0,0,0,0,1,0,0,0,0,0,0
7064,10,0,0,0,0,0,0,0,0,0,0,0
7065,10,0,3,0,0,0,0,0,0,0,0,0
7067,9,0,0,0,0,0,0,0,0,0,0,0
7068,6,0,0,0,0,0,0,0,0,0,0,0
7069,6,0,0,0,0,0,0,0,0,0,0,0
7070,31,0,1,0,0,0,0,0,0,0,0,0
7071,30,0,0,0,0,0,0,0,0,0,0,0
7072,13,0,0,0,0,1,0,0,0,0,0,0
7073,4,0,1,0,0,0,0,0,0,0,0,0
7074,21,0,0,0,0,0,0,0,0,0,0,0
7075,72,0,0,0,0,0,0,0,0,0,0,0
7076,42,0,0,0,0,0,0,0,0,0,0,0
7077,148,0,0,0,0,0,0,0,0,0,0,0
7078,42,0,0,0,0,0,0,0,0,0,0,0
7080,7,0,0,0,0,0,0,0,0,0,0,0
7081,62,0,0,0,0,0,0,0,0,0,0,0
7082,37,0,0,0,0,0,0,0,0,0,0,0
7083,25,0,0,0,0,0,0,0,0,0,0,0
7085,13,0,0,0,0,0,0,0,0,0,0,0
7086,4,0,0,0,0,0,0,0,0,0,0,0
7087,3,0,0,0,0,0,0,0,0,0,0,0
7090,1,0,0,0,0,0,0,0,0,0,1,0
7091,60,0,0,0,0,0,0,0,0,0,0,0
7092,1426,0,0,0,2,0,0,0,0,3,0,0
7093,24,0,0,0,0,0,0,0,0,0,0,0
7094,4765,0,10,1,1,0,0,0,0,5,5,0
7095,177,0,2,0,0,0,0,0,0,1,6,0
7096,1,0,0,0,0,0,0,0,0,0,1,0
7097,6,0,0,1,0,0,0,0,0,0,0,0
7098,1,0,0,0,0,0,0,0,0,0,0,0
7099,2,0,0,0,0,0,0,0,0,0,0,0
7102,8,0,0,8,0,0,0,0,0,0,0,0
7103,7,0,0,6,0,0,0,0,0,0,0,0
7104,2,0,0,2,0,0,0,0,0,0,0,0
7106,2,0,0,0,0,0,0,0,0,0,0,0
7107,1275,0,0,0,0,0,0,0,0,0,0,0
7109,5,0,0,0,0,0,0,0,0,0,0,0
7110,150,0,6,4,0,0,0,0,0,6,0,5
7116,9,0,0,0,0,0,0,0,0,0,0,0
7117,1,0,0,0,0,0,0,0,0,0,0,0
7123,50,0,0,0,0,10,1,0,0,2,0,0
7124,145,0,0,0,0,1,0,0,0,1,0,0
7125,4,0,0,0,0,4,0,0,0,0,0,0
7126,11,0,0,0,0,0,0,0,0,0,0,0
7129,2,0,0,0,0,0,1,0,0,0,0,0
7130,10,0,0,0,0,0,0,0,0,0,0,0
7133,1,0,0,0,0,0,0,0,0,0,0,0
7142,18,0,0,0,0,0,0,0,0,0,0,0
7143,20,0,0,0,0,0,0,0,0,0,0,0
7144,15,0,0,0,0,0,0,0,0,0,0,0
7145,25,0,0,0,0,0,0,0,0,0,0,0
7146,246,0,0,0,0,0,0,0,0,0,0,0
7147,23,0,0,0,0,0,0,0,0,0,0,0
7148,19,0,0,0,0,0,0,0,0,0,0,0
7149,2,0,0,0,0,0,0,0,0,0,0,0
7150,40,0,0,0,0,0,0,0,0,0,0,0
7151,1,0,0,0,0,0,0,0,0,0,0,0
7152,14,0,0,0,0,0,0,0,0,0,0,0
7153,10,0,0,0,0,0,0,0,0,0,0,0
7155,1,0,0,0,0,0,0,0,0,0,0,0
7158,3,0,0,0,0,0,0,0,0,0,0,0
7159,5,0,0,0,0,0,0,0,0,0,0,0
7160,22,0,0,0,0,0,0,0,0,0,0,0
7161,230,0,0,0,0,0,0,0,0,0,0,0
7162,5,0,0,0,0,0,0,0,0,0,2,0
7163,636,0,0,0,0,0,0,0,0,0,1,0
7164,798,0,5,0,0,0,0,0,0,1,3,0
7165,23,0,0,0,0,0,0,0,0,0,1,0
7166,1,0,0,0,0,0,0,0,0,0,0,0
7167,1,0,0,0,0,0,0,0,0,1,0,0
7169,3,0,0,0,0,0,0,0,0,0,0,0
7172,7,0,0,5,0,0,0,0,0,0,0,0
7173,1,0,0,1,0,0,0,0,0,0,0,0
7177,2,0,0,0,0,0,0,0,0,0,0,0
7178,157,0,2,0,0,0,0,0,0,0,0,0
7179,2,0,0,0,0,0,0,0,0,0,0,0
7180,94,0,0,0,0,0,0,0,0,0,0,0
7181,3,0,0,0,0,0,0,0,0,0,2,0
7185,1,0,0,0,0,0,0,0,0,0,1,0
7201,2,0,0,0,0,0,0,0,0,0,0,0
7215,34,0,0,0,0,0,0,0,0,0,0,0
7216,7,0,0,0,0,0,0,0,0,0,0,0
7217,2,0,0,0,0,0,0,0,0,0,0,0
7218,37,0,0,0,0,0,0,0,0,0,0,0
7219,54,0,0,0,0,0,0,0,0,0,0,0
7220,59,0,0,0,0,0,0,0,0,0,0,0
7222,28,0,0,0,0,0,0,0,0,0,0,0
7223,21,0,0,0,0,0,0,0,0,0,0,0
7224,4,0,0,0,0,0,0,0,0,0,0,0
7225,73,0,0,0,0,0,0,0,0,0,0,0
7226,18,0,0,0,0,0,0,0,0,0,0,0
7229,23,0,0,0,0,0,0,0,1,0,0,0
7230,254,0,0,0,1,0,0,0,2,0,11,0
7231,16,0,0,0,0,0,0,0,0,1,1,0
7232,120,0,0,0,0,0,0,0,1,5,3,0
7233,225,0,1,0,0,0,0,0,0,0,2,0
7234,16,0,0,0,0,0,0,0,0,0,0,0
7235,16,0,0,0,0,0,0,0,0,0,2,0
7236,1,0,0,0,0,0,0,0,0,0,0,0
7237,9,0,0,0,0,0,0,0,0,0,0,0
7238,5,0,0,0,0,0,0,0,0,0,0,0
7239,10,0,0,0,0,0,0,0,0,0,0,0
7240,6,0,0,1,0,0,0,0,0,0,0,1
7242,2,0,0,0,0,0,0,0,0,0,0,0
7243,3,0,0,3,0,0,0,0,0,0,0,0
7244,1,0,0,1,0,0,0,0,0,0,0,0
7245,1,0,0,1,0,0,0,0,0,0,0,0
7248,1,0,0,0,0,0,0,0,0,0,0,0
7252,1,0,0,0,0,0,0,0,0,0,0,0
7254,2,0,0,0,0,0,0,0,0,0,0,0
7261,4,0,0,0,0,0,0,0,0,0,4,0
7274,1,0,0,0,0,0,0,0,0,0,0,0
7278,2,0,0,0,0,0,0,0,0,0,0,0
7280,6,0,0,0,0,0,0,0,0,0,0,0
7283,23,0,0,0,0,0,0,0,0,0,0,0
7285,52,0,0,0,0,0,0,0,0,0,0,0
7286,24,0,0,0,0,0,0,0,0,0,0,0
7287,37,0,0,0,0,0,0,0,0,0,0,0
7288,61,0,0,0,0,0,0,0,0,0,0,0
7289,59,0,0,0,0,0,0,0,0,0,0,0
7290,5,0,0,0,0,0,0,0,0,0,0,0
7291,139,0,0,0,0,0,0,0,0,0,0,0
7292,26,0,0,0,0,0,0,0,0,0,0,0
7293,18,0,0,0,0,0,0,0,0,0,0,0
7295,19,0,0,0,0,0,0,0,0,0,0,0
7297,108,0,0,0,0,0,0,0,0,0,1,0
7298,234,0,0,0,1,0,0,0,0,2,5,0
7299,127,0,0,0,1,0,0,0,0,0,4,0
7300,371,0,48,0,0,0,0,0,0,64,3,0
7301,314,0,0,1,0,0,0,0,0,1,1,0
7303,86,0,0,0,0,0,0,0,0,1,1,0
7304,10,0,0,0,0,0,0,0,0,0,1,0
7305,10,0,0,0,0,0,0,0,0,1,0,0
7306,11,0,0,0,0,0,0,0,0,0,0,0
7308,10,0,0,0,0,0,0,0,0,0,0,0
7309,3,0,0,2,0,0,0,0,0,0,0,0
7310,1,0,0,1,0,0,0,0,0,0,0,0
7311,2,0,0,2,0,0,0,0,0,0,0,0
7316,12,0,0,7,0,0,0,0,0,0,0,0
7318,20,0,0,0,0,0,0,0,0,0,0,0
7319,73,0,0,0,0,0,0,0,0,0,0,0
7352,32,0,0,0,0,0,0,0,0,0,0,0
7353,141,0,0,0,0,0,0,0,0,0,0,0
7354,17,0,0,0,0,0,0,0,0,0,0,0
7356,106,0,0,0,0,0,0,0,0,0,0,0
7357,12,0,0,0,0,0,0,0,0,0,0,0
7358,63,0,0,0,0,0,0,0,0,0,0,0
7361,22,0,0,0,0,0,0,0,0,0,0,0
7364,8,0,0,0,0,0,0,0,0,0,0,0
7365,15,0,0,0,0,0,0,0,0,0,0,0
7366,149,0,1,0,0,0,0,0,0,0,1,0
7367,211,0,2,1,1,0,0,0,0,4,0,0
7368,1294,0,0,1,0,0,0,0,0,1,4,0
7369,29,0,0,0,0,0,0,0,0,0,0,0
7370,1,0,0,0,0,0,0,0,0,0,0,0
7371,45,0,0,0,1,0,0,0,0,0,1,0
7372,3,0,0,0,0,0,0,0,0,0,1,0
7373,4,0,0,0,0,0,0,0,0,0,0,0
7374,27,0,0,0,0,0,0,0,0,1,0,0
7375,5,0,0,0,0,0,0,0,0,0,0,0
7377,4,0,0,1,0,0,0,0,0,0,0,0
7378,7,0,0,4,0,0,0,0,0,0,0,0
7380,1,0,0,0,0,0,0,0,0,1,0,0
7384,1,0,0,1,0,0,0,0,0,0,0,0
7385,2,0,0,2,0,0,0,0,0,0,0,0
7386,4,0,0,4,0,0,0,0,0,0,0,0
7387,5,0,0,5,0,0,0,0,0,0,0,0
7388,1,0,0,1,0,0,0,0,0,0,0,0
7389,24,0,0,0,0,0,0,0,0,0,0,0
7391,4,0,0,4,0,0,0,0,0,0,0,0
7392,14,0,0,0,0,0,0,0,0,0,0,0
7405,1,0,0,0,0,0,0,0,0,0,0,0
7418,6,0,0,0,0,0,0,0,0,0,0,0
7419,20,0,0,0,0,0,0,0,0,0,0,0
7420,4,0,0,0,0,0,0,0,0,0,0,0
7424,92,0,0,0,0,0,0,0,0,0,0,0
7425,69,0,0,0,0,0,0,0,0,0,0,0
7426,4,0,0,0,0,0,0,0,0,0,0,0
7428,21,0,0,0,0,0,0,0,0,0,0,0
7429,628,0,1,0,0,0,0,0,0,0,0,0
7430,2,0,0,0,0,0,0,0,0,0,0,0
7431,2,0,0,1,0,0,0,0,1,0,0,0
7432,19,0,0,0,0,0,0,0,0,0,0,0
7433,158,0,0,0,0,0,0,0,0,0,1,0
7434,87,0,0,0,0,0,0,0,0,0,0,0
7435,135,0,0,0,0,0,0,0,0,0,1,0
7436,2528,0,0,0,0,0,0,0,0,0,0,0
7437,286,0,0,0,0,0,0,0,0,0,0,0
7438,61,0,0,1,0,0,0,0,0,0,1,0
7439,10,0,0,0,0,0,0,0,0,0,2,0
7440,6,0,0,0,0,0,0,0,0,0,0,0
7441,11,0,0,0,1,0,0,0,0,0,0,0
7442,6,0,0,0,0,0,0,0,0,0,0,0
7443,2,0,0,0,0,0,0,0,0,0,0,0
7444,11,0,0,0,0,0,0,0,0,2,0,0
7446,2,0,0,1,0,0,0,0,0,0,0,0
7449,2,0,0,1,0,0,0,0,0,0,0,0
7451,2,0,0,2,0,0,0,0,0,0,0,0
7452,2,0,0,1,0,0,0,0,0,0,0,0
7453,1681,0,0,5,0,0,0,0,0,1,0,0
7454,45,0,0,37,0,0,0,0,0,0,0,0
7455,6,0,0,6,0,0,0,0,0,0,0,0
7456,1,0,0,1,0,0,0,0,0,0,0,0
7457,2,0,0,2,0,0,0,0,0,0,0,0
7458,1,0,0,0,0,0,0,0,0,0,0,0
7463,1,0,0,0,0,0,0,0,0,0,0,0
7470,1,0,0,0,0,0,0,0,0,0,0,0
7471,1570,0,0,0,0,0,9,0,0,0,0,0
7473,1,0,0,0,0,0,0,0,0,0,0,0
7475,1,0,0,0,0,0,0,0,0,0,0,0
7476,5,0,0,0,0,0,0,0,0,0,0,0
7484,96,0,0,0,0,0,0,0,0,0,0,0
7485,52,0,0,0,0,0,0,0,0,0,0,0
7486,9,0,0,0,0,0,0,0,0,0,0,0
7488,49,0,0,0,0,0,0,0,0,0,0,0
7489,59,0,0,0,0,0,0,0,0,0,0,0
7490,40,0,0,0,0,0,0,0,0,0,0,0
7493,15,0,0,0,0,0,0,0,0,0,0,0
7494,4023,0,0,1,0,0,0,0,0,0,0,0
7495,3,0,0,0,0,0,0,0,0,0,0,0
7497,84,0,0,0,1,0,0,0,0,0,0,0
7498,196,0,0,0,0,0,0,0,0,0,0,0
7499,5,0,0,0,0,0,0,0,0,0,0,0
7500,8,0,2,0,0,0,0,0,0,0,0,0
7501,26,0,0,0,0,0,0,0,0,0,0,0
7502,13,0,1,0,0,0,0,0,0,0,0,0
7504,17,0,0,0,0,0,0,0,0,0,0,0
7505,3,0,0,0,0,0,0,0,0,0,0,0
7506,193,0,0,0,1,0,0,0,0,0,0,0
7507,1,0,0,0,0,0,0,0,0,0,0,0
7508,22,0,0,0,0,0,0,0,0,0,0,0
7509,32,0,0,1,0,0,0,0,0,0,0,0
7512,37,0,0,1,0,0,0,0,0,0,0,0
7514,11,0,0,0,0,0,0,0,0,1,0,0
7517,99,0,2,8,0,0,0,0,0,0,0,1
7518,26,0,0,20,0,0,0,0,0,0,0,0
7519,13,0,0,11,0,0,0,0,0,0,0,0
7520,2,0,0,2,0,0,0,0,0,0,0,0
7522,2,0,0,2,0,0,0,0,0,0,0,0
7523,1,0,0,1,0,0,0,0,0,0,0,0
7527,1,0,0,0,0,0,0,0,0,0,0,0
7535,400,0,0,0,0,0,0,0,0,0,0,0
7536,3,0,0,0,0,0,0,0,0,0,0,0
7549,39,0,0,0,0,0,0,0,0,0,0,0
7550,46,0,0,0,0,0,0,0,0,0,0,0
7551,96,0,0,0,0,0,0,0,0,0,0,0
7556,4,0,0,0,0,0,0,0,0,0,0,0
7557,1,0,0,1,0,0,0,0,0,0,0,0
7558,8,0,0,1,1,0,0,0,0,0,0,0
7559,8,0,0,0,0,0,0,0,0,0,0,0
7560,167,0,0,1,0,0,0,0,0,1,0,0
7561,28,0,0,0,0,0,0,0,0,0,0,0
7563,1,0,0,0,0,0,0,0,0,0,0,0
7564,5,0,0,1,0,0,0,0,0,1,0,0
7565,82,0,0,0,0,0,0,0,0,0,0,0
7566,5,0,0,0,0,0,0,0,0,0,0,0
7568,80,0,0,0,2,0,0,0,0,3,0,0
7569,3,0,0,0,0,0,0,0,0,0,0,0
7570,1,0,0,0,0,0,0,0,0,0,0,0
7571,1,0,1,0,0,0,0,0,0,0,0,0
7572,2,0,0,0,0,0,0,0,0,0,0,0
7573,2,0,0,0,0,0,0,0,0,0,0,0
7574,6,0,0,1,0,0,0,0,0,0,0,0
7576,10,0,0,2,0,0,0,0,0,1,0,1
7577,9,0,1,6,0,0,0,0,0,0,0,0
7578,4,0,0,3,0,0,0,0,0,0,0,0
7579,3,0,0,2,0,0,0,0,0,0,0,0
7580,30,0,0,7,0,0,0,0,0,0,0,0
7581,12,0,0,11,0,0,0,0,0,0,0,0
7582,4,0,0,4,0,0,0,0,0,0,0,0
7583,2,0,0,0,0,0,0,0,0,0,0,0
7585,12,0,0,5,0,0,0,0,0,0,0,0
7586,3,0,0,2,0,0,0,0,0,0,0,0
7592,3,0,0,0,0,0,0,0,0,0,0,0
7599,91,0,0,0,0,0,0,0,0,0,0,0
7601,4,0,0,0,0,0,0,0,0,0,0,0
7603,6,0,0,0,0,0,0,0,0,0,0,0
7608,1,0,0,0,0,0,0,0,0,0,0,0
7611,18,0,0,0,0,0,0,0,0,0,0,0
7613,29,0,0,0,0,0,0,0,0,0,0,0
7616,111,0,0,0,0,0,0,0,0,0,0,0
7619,13,0,0,0,0,0,0,0,0,0,0,0
7621,1,0,0,0,0,0,0,0,0,0,0,0
7622,17,0,0,0,0,0,0,0,0,0,0,0
7623,1,0,0,0,0,0,0,0,0,0,0,0
7627,4,0,0,0,0,0,0,0,0,0,0,0
7631,4,0,0,0,0,0,0,0,0,0,0,0
7633,2,0,0,1,0,0,0,0,0,0,0,0
7634,6,0,0,5,0,0,0,0,0,0,0,0
7635,7,0,0,5,0,0,0,0,0,0,0,0
7636,2,0,0,0,0,0,0,0,0,0,0,0
7637,10,0,0,2,0,0,0,0,0,1,0,0
7638,19,0,1,4,0,0,0,0,0,2,0,0
7639,11,0,0,2,0,0,0,0,0,0,0,0
7640,65,0,0,2,0,0,0,0,0,0,0,0
7642,1,0,0,1,0,0,0,0,0,0,0,0
7643,5,0,0,2,0,0,0,0,0,0,0,0
7645,2,0,0,2,0,0,0,0,0,0,0,0
7646,1,0,0,1,0,0,0,0,0,0,0,0
7647,2,0,0,1,0,0,0,0,0,0,0,0
7651,4,0,0,0,0,0,0,0,0,0,0,0
7652,1,0,0,0,0,0,0,0,0,0,0,0
7660,172,0,0,0,0,0,0,0,0,0,0,0
7666,623,0,0,0,0,0,2,0,0,0,0,0
7667,2224,0,0,0,0,0,0,0,0,0,0,0
7673,59,0,0,0,0,0,0,0,0,0,0,0
7674,37,0,0,0,0,0,0,0,0,0,0,0
7675,33,0,0,0,0,0,0,0,0,0,0,0
7676,3,0,0,0,0,0,0,0,0,0,0,0
7681,37,0,0,0,0,0,0,0,0,0,0,0
7686,10,0,0,0,0,0,0,0,0,0,0,0
7692,581,0,17,9,0,0,0,0,0,4,2,0
7693,1,0,0,0,0,0,0,0,0,0,0,0
7694,1,0,0,0,0,0,0,0,0,0,0,0
7696,2,0,0,2,0,0,0,0,0,0,0,0
7697,3,0,0,0,0,0,0,0,0,3,0,0
7698,5,0,0,1,0,0,0,0,0,0,0,0
7699,9,0,0,1,0,0,0,0,0,0,0,0
7700,499,0,2,119,0,0,0,0,0,13,0,1
7701,25,0,1,5,0,0,0,0,0,1,0,0
7702,6,0,1,0,0,0,0,0,0,0,0,0
7703,253,0,1,7,0,0,0,0,0,0,0,1
7704,3,0,0,2,0,0,0,0,0,0,0,0
7705,8,0,0,3,0,0,0,0,0,0,0,0
7706,4,0,0,4,0,0,0,0,0,0,0,0
7708,3,0,0,3,0,0,0,0,0,0,0,0
7710,1,0,0,1,0,0,0,0,0,0,0,0
7711,1,0,0,1,0,0,0,0,0,0,0,0
7712,1,0,0,1,0,0,0,0,0,0,0,0
7714,1,0,0,0,0,0,0,0,0,0,0,0
7723,9,0,0,0,0,0,0,0,0,0,0,0
7725,1,0,0,0,0,0,0,0,0,0,0,0
7728,4,0,0,0,0,0,0,0,0,0,0,0
7729,2,0,0,0,0,0,0,0,0,0,0,0
7732,10,0,0,0,0,0,0,0,0,0,0,0
7735,1,0,0,0,0,0,0,0,0,0,0,0
7737,5,0,0,0,0,0,0,0,0,0,0,0
7738,35,0,0,0,0,0,0,0,0,0,0,0
7739,30,0,0,0,0,0,0,0,0,0,0,0
7740,19,0,0,0,0,0,0,0,0,0,0,0
7741,9,0,0,0,0,0,0,0,0,0,0,0
7743,38,0,0,0,0,0,0,0,0,0,0,0
7747,5,0,0,0,0,0,0,0,0,0,0,0
7749,6,0,0,0,0,0,0,0,0,0,0,0
7751,5,0,0,0,0,0,0,0,0,0,0,0
7754,6,0,0,0,0,0,0,0,0,0,0,0
7756,100,0,0,0,0,0,0,0,0,0,0,0
7757,1,0,0,0,0,0,0,0,0,0,0,0
7758,3,0,0,0,0,0,0,0,0,1,0,0
7761,4,0,0,1,0,0,0,0,0,0,0,0
7762,40,0,0,1,0,0,0,0,0,1,0,0
7763,20,0,0,2,0,0,0,0,0,0,0,0
7764,15,0,0,3,0,0,0,0,0,1,0,0
7765,12,0,0,3,0,0,0,0,0,1,0,0
7766,3,0,0,1,0,0,0,0,0,0,0,0
7768,8,0,0,6,0,0,0,0,0,0,0,0
7769,2,0,0,1,0,0,0,0,0,1,0,0
7770,1,0,0,0,0,0,0,0,0,0,0,0
7771,1,0,0,1,0,0,0,0,0,0,0,0
7773,4,0,0,4,0,0,0,0,0,0,0,0
7776,6,0,0,0,0,0,0,0,0,0,0,0
7791,1,0,0,0,0,0,0,0,0,0,0,0
7795,2,0,0,0,0,0,0,0,0,0,0,0
7797,1,0,0,0,0,0,0,0,0,0,0,0
7799,3,0,0,0,0,0,0,0,0,0,0,0
7800,38,0,0,0,0,0,0,0,0,0,0,0
7801,13,0,0,0,0,0,0,0,0,0,0,0
7802,27,0,0,0,0,0,0,0,0,0,0,0
7809,1,0,0,0,0,0,0,0,0,0,0,0
7810,2,0,0,0,0,0,0,0,0,0,0,0
7813,5,0,0,0,0,0,0,0,0,0,0,0
7817,2,0,0,0,0,0,0,0,0,1,0,0
7819,3,0,0,0,0,0,0,0,0,0,0,0
7820,1,0,0,0,0,0,0,0,0,0,0,0
7823,10,0,0,0,0,0,0,0,0,1,0,0
7824,2,0,0,0,0,0,0,0,0,0,0,0
7825,22,0,0,10,0,0,0,0,0,0,0,0
7826,4,0,0,0,0,0,0,0,0,1,0,0
7827,14,0,0,2,0,0,0,0,0,0,0,0
7828,8,0,0,3,0,0,0,0,0,0,0,0
7829,43,0,3,15,0,0,0,0,0,2,0,0
7830,7,0,0,6,0,0,0,0,0,1,0,0
7831,43,0,0,30,0,0,0,0,0,0,0,0
7832,7,0,0,2,0,0,0,0,0,0,0,0
7833,21,0,0,21,0,0,0,0,0,0,0,0
7839,1,0,0,0,0,0,0,0,0,0,0,0
7850,1,0,0,0,0,0,0,0,0,0,0,0
7851,132,0,0,0,0,0,0,0,0,0,0,0
7855,15,0,0,0,0,0,0,0,0,0,0,0
7856,1,0,0,0,0,0,0,0,0,0,0,0
7858,3,0,0,0,0,0,0,0,0,0,0,0
7859,511,0,0,0,0,0,0,0,0,0,0,0
7860,703,0,0,0,0,0,0,0,0,0,0,0
7862,19,0,0,0,0,0,0,0,0,0,0,0
7863,107,0,0,0,0,0,0,0,0,0,0,0
7864,172,0,0,0,0,0,0,0,0,0,0,0
7865,2,0,0,0,0,0,0,0,0,0,0,0
7866,42,0,0,0,9,0,0,0,0,1,0,0
7870,10,0,0,0,0,0,0,0,0,0,0,0
7871,15,0,0,0,0,0,0,0,0,0,0,0
7872,14,0,0,0,0,0,0,0,0,0,0,0
7875,5,0,0,0,0,0,0,0,0,0,0,0
7877,32,0,0,0,0,0,0,0,0,0,0,0
7881,3,0,0,1,0,0,0,0,0,0,0,0
7882,235,0,1,2,0,0,0,0,0,0,0,0
7883,37,0,0,0,0,0,0,0,0,1,0,0
7885,15,0,0,0,0,0,0,0,0,3,0,0
7886,2,0,0,0,0,0,0,0,0,2,0,0
7887,7,0,0,1,0,0,0,0,0,1,0,0
7889,1,0,0,0,0,0,0,0,0,0,0,0
7890,10,0,0,0,0,0,0,0,0,1,0,0
7891,5,0,0,1,0,0,0,0,0,0,0,0
7892,1,0,1,0,0,0,0,0,0,0,0,0
7893,79,0,0,44,0,0,0,0,0,0,0,0
7894,12,0,0,9,0,0,0,0,0,0,0,0
7896,6,0,0,4,0,0,0,0,0,0,0,0
7897,5,0,0,2,0,0,0,0,0,0,0,0
7898,6,0,0,0,0,0,0,0,0,0,0,0
7907,2,0,0,0,0,0,0,0,0,0,0,0
7915,53,0,0,0,0,0,0,0,0,0,0,0
7916,30,0,0,0,0,0,0,0,0,0,0,0
7919,24,0,0,0,0,0,0,0,0,0,0,0
7920,181,0,0,0,0,0,0,0,0,0,0,0
7921,25,0,0,0,0,0,0,0,0,0,0,0
7922,11,0,0,0,0,0,0,0,0,0,0,0
7923,9,0,0,0,0,0,0,0,0,0,0,0
7924,7,0,0,0,0,0,0,0,0,0,0,0
7926,19,0,0,0,0,0,0,0,0,0,0,0
7936,7,0,0,0,0,0,0,0,0,0,0,0
7937,9,0,0,0,0,0,0,0,0,0,0,0
7939,46,0,0,0,0,0,0,0,0,0,0,0
7940,4,0,0,0,0,0,0,0,0,0,0,0
7941,5,0,0,0,0,0,0,0,0,0,0,0
7943,1,0,0,0,0,0,0,0,0,0,0,0
7944,8,0,0,3,0,0,0,0,0,0,0,0
7945,5,0,0,0,0,0,0,0,0,0,0,0
7947,1,0,0,0,0,0,0,0,0,0,0,0
7949,10,0,0,4,0,0,0,0,0,0,0,0
7950,9,0,0,6,0,0,0,0,0,0,0,0
7952,4,0,0,3,0,0,0,0,0,0,0,0
7953,7,0,0,5,0,0,0,0,0,0,0,0
7954,3,0,0,0,0,0,0,0,0,0,0,0
7955,1,0,0,0,0,0,0,0,0,0,0,0
7956,1,0,1,0,0,0,0,0,0,0,0,0
7957,1,0,0,0,0,0,0,0,0,0,0,0
7969,1,0,0,0,0,0,0,0,0,0,0,0
7974,1,0,0,0,0,0,0,0,0,0,0,0
7975,92,0,0,0,0,0,0,0,0,0,0,0
7976,15,0,0,0,0,0,0,0,0,0,0,0
7977,54,0,0,0,0,0,0,0,0,0,0,0
7978,93,0,0,0,0,0,0,0,0,0,0,0
7981,8,0,0,0,0,0,0,0,0,0,0,0
7984,8,0,0,0,0,0,0,0,0,0,0,0
7988,4,0,0,0,0,0,0,0,0,0,0,0
7994,7,0,0,0,0,0,0,0,0,0,0,0
7995,67,0,0,0,0,0,0,0,0,0,0,0
7996,93,0,0,1,0,0,0,0,0,0,0,0
8000,1,0,0,0,0,0,0,0,0,0,0,0
8002,2,0,0,2,0,0,0,0,0,0,0,0
8004,1,0,0,0,0,0,0,0,0,0,0,0
8005,1,0,0,0,0,0,0,0,0,0,0,0
8006,1,0,0,1,0,0,0,0,0,0,0,0
8007,23,0,0,20,0,0,0,0,0,0,0,0
8010,41,0,0,4,0,1,0,0,0,0,0,0
8011,19,0,0,0,0,1,0,0,0,0,0,0
8012,143,0,0,0,0,0,0,0,0,0,0,0
8023,1,0,0,0,0,0,0,0,0,0,0,0
8026,178,0,0,0,0,0,0,0,0,0,0,0
8027,126,0,0,0,0,0,0,0,0,6,0,0
8028,129,0,1,0,0,0,0,0,0,1,0,0
8029,185,0,0,0,0,0,0,0,0,0,0,0
8030,20,0,0,0,0,0,0,0,0,0,0,0
8031,55,0,0,0,0,0,0,0,0,0,0,0
8032,22,0,0,0,0,0,0,0,0,0,0,0
8035,1,0,0,0,0,0,0,0,0,0,0,0
8044,1,0,0,0,0,0,0,0,0,0,0,0
8054,1,0,0,0,0,0,0,0,0,1,0,0
8055,1,0,0,0,0,0,0,0,0,0,0,0
8056,1,0,0,0,0,0,0,0,0,0,0,0
8058,1,0,0,0,0,0,0,0,0,0,0,0
8059,1,0,0,1,0,0,0,0,0,0,0,0
8066,799,0,0,0,0,0,0,0,0,0,0,0
8070,153,0,0,0,0,0,0,0,0,0,0,0
8071,137,0,0,0,0,0,0,0,0,0,0,0
8072,180,0,1,0,0,0,0,0,0,0,0,0
8073,46,0,0,0,0,0,0,0,0,0,0,0
8074,21,0,0,0,0,0,0,0,0,0,0,0
8076,86,0,0,0,0,0,0,0,0,0,0,0
8096,3,0,0,0,0,0,0,0,0,0,0,0
8098,3,0,0,2,0,0,0,0,0,0,0,0
8099,1,0,0,1,0,0,0,0,0,0,0,0
8112,29,0,0,0,0,0,0,0,0,0,0,0
8113,42,0,0,0,0,0,0,0,0,0,0,0
8114,102,0,0,0,0,0,0,0,0,3,0,0
8115,94,0,0,0,0,0,0,0,0,0,0,0
8119,43,0,0,0,0,0,0,0,0,0,0,0
8121,67,0,0,0,0,0,0,0,0,1,0,0
8122,747,0,0,0,0,0,0,0,0,2,0,0
8126,1,0,0,0,0,0,0,0,0,0,0,0
8128,19,0,0,0,0,0,0,0,0,0,0,0
8137,3,0,1,2,0,0,0,0,0,0,0,0
8138,1,0,0,0,0,0,0,0,0,0,0,0
8139,3,0,0,1,0,0,0,0,0,0,0,0
8146,5,0,0,0,0,0,0,0,0,0,0,0
8149,87,0,0,0,0,0,0,0,0,1,0,0
8150,88,0,0,0,0,0,0,0,0,0,0,0
8151,76,0,0,0,0,0,0,0,0,0,0,0
8153,17,0,0,0,0,0,0,0,0,0,0,0
8154,102,0,0,0,0,0,0,0,0,0,0,0
8155,125,0,0,0,0,0,0,0,0,0,0,0
8156,2,0,0,0,0,0,0,0,0,0,0,0
8157,134,0,0,0,0,0,0,0,0,0,0,0
8158,227,0,0,0,0,0,0,0,0,1,0,0
8162,28,0,0,0,0,0,0,0,0,0,0,0
8169,2,0,0,0,0,0,0,0,0,0,0,0
8173,1,0,0,0,0,0,0,0,0,0,0,0
8174,1,0,0,0,0,0,0,0,0,0,0,0
8176,9,0,0,1,0,0,0,0,0,0,0,0
8177,11,0,0,6,0,0,0,0,0,0,0,0
8183,161,0,0,0,0,0,0,0,0,0,0,0
8184,80,0,0,0,0,0,0,0,0,1,0,0
8185,50,0,0,0,0,0,0,0,0,0,0,0
8187,4,0,0,0,0,0,0,0,0,0,0,0
8189,101,0,0,0,0,0,0,0,0,0,0,0
8192,9,0,0,0,0,0,0,0,0,1,0,0
8193,5,0,0,0,0,0,0,0,0,0,0,0
8200,2,0,0,0,0,0,0,0,0,0,0,0
8201,15,0,0,0,0,0,0,0,0,0,0,0
8208,2,0,0,0,0,0,0,0,0,0,0,0
8215,20,0,0,0,0,0,0,0,0,0,0,0
8216,22,0,0,0,0,0,0,0,0,0,0,0
8217,10,0,0,0,0,0,0,0,0,0,0,0
8219,32,0,0,0,0,0,0,0,0,0,0,0
8221,11,0,0,0,0,0,0,0,0,0,0,0
8223,27,0,0,0,0,0,0,0,0,0,0,0
8224,2,0,0,0,0,0,0,0,0,0,0,0
8225,3,0,0,0,0,0,0,0,0,0,0,0
8226,1,0,0,0,0,0,0,0,0,0,0,0
8229,5,0,1,0,0,0,0,0,0,1,0,0
8239,1,0,0,0,0,0,0,0,0,0,0,0
8244,1,0,0,0,0,0,0,0,0,0,0,0
8248,26,0,0,0,0,0,0,0,0,0,0,0
8249,140,0,0,0,0,0,0,0,0,0,0,0
8252,107,0,0,0,0,0,0,0,0,0,0,0
8256,5,0,0,0,0,0,0,0,0,0,0,0
8258,183,0,0,0,0,0,0,0,0,2,0,0
8261,9,0,0,0,0,0,0,0,0,0,0,0
8267,33,0,0,0,0,0,0,0,0,0,0,0
8273,132,0,0,10,0,0,0,0,0,0,0,0
8274,4,0,0,0,0,0,0,0,0,0,0,0
8275,55,0,0,1,0,0,0,0,0,0,0,0
8280,216,0,0,0,0,0,0,0,0,0,0,0
8281,96,0,0,0,0,0,0,0,0,0,0,0
8282,86,0,0,0,0,0,0,0,0,2,0,0
8283,72,0,0,0,5,0,0,0,0,0,0,0
8284,10,0,0,0,0,0,0,0,0,0,0,0
8285,49,0,0,0,0,0,0,0,0,0,0,0
8286,14,0,0,0,0,0,0,0,0,0,0,0
8287,32,0,0,0,0,0,0,0,0,0,0,0
8290,1,0,0,0,0,0,0,0,0,0,0,0
8293,19,0,0,0,0,0,0,0,0,0,0,0
8294,317,0,0,0,0,0,0,0,0,0,0,0
8299,3,0,0,0,0,0,0,0,0,0,0,0
8309,54,0,0,0,0,0,0,0,0,0,0,0
8310,29,0,0,0,0,0,0,0,0,0,0,0
8311,58,0,0,0,0,0,0,0,0,0,0,0
8312,58,0,1,0,0,0,0,0,0,0,0,0
8317,393,0,0,0,0,0,0,0,0,0,0,0
8319,8,0,0,0,0,0,0,0,0,0,0,0
8322,10,0,0,0,0,0,0,0,0,0,0,0
8323,54,0,0,0,0,0,0,0,0,0,0,0
8326,46,0,0,0,0,0,0,0,0,0,0,0
8327,27,0,0,0,0,0,0,0,0,0,0,0
8328,39,0,0,0,0,0,0,0,0,0,1,0
8329,25,0,0,0,0,0,0,0,0,0,1,0
8336,37,0,0,0,0,0,0,0,0,0,0,0
8337,420,0,3,0,0,0,0,0,0,6,0,0
8338,256,0,0,0,0,0,0,0,0,0,0,0
8344,65,0,0,0,0,0,0,0,0,0,0,0
8345,32,0,1,0,0,0,0,0,0,0,0,0
8353,15,0,0,0,0,0,0,0,0,0,0,0
8354,22,0,0,0,0,0,0,0,0,0,0,0
8362,225,0,0,0,0,0,0,0,0,1,0,0
8363,129,0,0,0,0,0,0,0,0,1,0,0
8366,8,0,0,0,0,0,0,0,0,0,0,0
8369,12,0,0,0,0,0,0,0,0,0,0,0
8370,1,0,0,0,0,0,0,0,0,0,0,0
8371,124,0,0,0,0,0,0,0,0,0,0,0
8377,14,0,0,0,0,0,0,0,0,0,0,0
8385,25,0,0,0,0,0,0,0,0,0,0,0
8386,87,0,0,0,0,0,0,0,0,0,0,0
8390,20,0,0,0,0,0,0,0,0,0,0,0
8391,3,0,0,0,0,0,0,0,0,0,0,0
8393,8,0,1,0,0,0,0,0,0,0,0,0
8394,43,0,0,0,0,0,0,0,0,0,0,0
8395,5,0,0,0,0,0,0,0,0,0,0,0
8398,1,0,0,0,0,0,0,0,0,0,0,0
8410,2,0,0,0,0,0,0,0,0,0,0,0
8413,17,0,0,0,0,0,0,0,0,0,0,0
8414,150,0,0,0,0,0,0,0,0,0,0,0
8415,13,0,0,0,0,0,0,0,0,0,0,0
8416,2,0,2,0,0,0,0,0,0,0,0,0
8417,2,0,0,0,0,0,0,0,0,0,0,0
8429,3,0,0,0,0,0,0,0,0,0,0,0
8430,5,0,0,0,0,0,0,0,0,0,0,0
8434,10,0,0,0,0,0,0,0,0,0,0,0
8435,29,0,0,0,0,0,0,0,0,0,0,0
8442,25,0,0,0,0,0,0,0,0,0,0,0
8446,9,0,0,0,0,0,0,0,0,0,0,0
8448,1,0,0,0,0,0,0,0,0,0,0,0
8452,34,0,0,0,0,0,0,0,0,0,0,0
8454,11,0,0,0,0,0,0,0,0,0,0,0
8455,1,0,0,0,0,0,0,0,0,1,0,0
8457,2,0,0,0,0,0,0,0,0,0,0,0
8458,1,0,0,0,0,0,0,0,0,0,0,0
8459,192,0,0,0,0,0,0,0,0,0,0,0
8470,13,0,0,0,0,0,0,0,0,0,0,0
8473,1,0,0,0,0,0,0,0,0,0,0,0
8475,85,0,0,0,0,0,0,0,0,0,0,0
8481,1,0,0,0,0,0,0,0,0,0,0,0
8489,4,0,0,0,0,0,0,0,0,0,0,0
8492,1,0,0,0,0,0,0,0,0,0,0,0
8500,1,0,0,0,0,0,0,0,0,1,0,0
8501,4,0,0,0,0,0,0,0,0,0,0,0
8503,2,0,0,0,0,0,0,0,0,0,0,0
8510,11,0,0,0,0,0,0,0,0,0,0,0
8512,5,0,0,0,0,0,0,0,0,0,0,0
8517,2,0,0,0,0,0,0,0,0,0,0,0
8519,1,0,0,0,0,0,0,0,0,0,0,0
8523,35,0,0,0,0,0,0,0,0,0,0,0
8526,54,0,0,0,0,0,0,0,0,1,0,0
8528,5,0,0,0,0,0,0,0,0,0,0,0
8532,31,0,0,0,0,0,0,0,0,0,0,0
8543,4,0,0,0,0,0,0,0,0,0,0,0
8544,1,0,0,0,0,0,0,0,0,0,0,0
8545,91,0,0,0,0,0,0,0,0,0,0,0
8546,3,0,0,0,0,0,0,0,0,0,0,0
8550,12,0,0,0,0,0,0,0,0,0,0,0
8551,2,0,0,0,0,0,0,0,0,0,0,0
8556,10,0,0,0,0,0,0,0,0,0,0,0
8563,3,0,0,0,0,0,0,0,0,0,0,0
8569,2,0,0,0,0,0,0,0,0,0,0,0
8570,2,0,0,0,0,0,0,0,0,0,0,0
8571,54,0,0,0,0,0,0,0,0,0,0,0
8572,31,0,0,0,0,0,0,0,0,0,0,0
8573,50,0,0,0,0,0,0,0,0,0,0,0
8574,23,0,0,0,0,0,0,0,0,0,0,0
8577,13,0,0,0,0,0,0,0,0,0,0,0
8579,33,0,0,0,0,0,0,0,0,0,0,0
8583,13,0,0,0,0,0,0,0,0,0,0,0
8585,71,0,0,0,0,0,0,0,0,0,0,0
8586,10,0,0,0,0,0,0,0,0,0,0,0
8588,11,0,0,0,0,0,0,0,0,0,0,0
8589,64,0,0,0,0,0,0,0,0,0,0,0
8595,10,0,0,0,0,0,0,0,0,0,0,0
8596,6,0,0,0,0,0,0,0,0,0,0,0
8598,2,0,0,0,0,0,0,0,0,0,0,0
8599,18,0,0,0,0,0,0,0,0,0,0,0
8600,11,0,0,0,0,0,0,0,0,0,0,0
8601,23,0,0,0,0,0,0,0,0,0,0,0
8604,22,0,0,0,0,0,0,0,0,0,0,0
8605,29,0,0,0,0,0,0,0,0,0,0,0
8606,1,0,0,0,0,0,0,0,0,0,0,0
8614,1,0,0,0,0,0,0,0,0,0,0,0
8615,51,0,0,0,0,0,0,0,0,0,0,0
8616,19,0,0,0,0,0,0,0,0,0,0,0
8617,51,0,0,0,0,0,0,0,0,0,0,0
8619,15,0,0,0,0,0,0,0,0,0,0,0
8620,92,0,1,0,0,0,0,0,0,1,0,0
8621,17,0,0,0,0,0,0,0,0,0,0,0
8622,1,0,0,0,0,0,0,0,0,0,0,0
8623,10,0,0,0,0,0,0,0,0,0,0,0
8624,1,0,0,0,0,0,0,0,0,0,0,0
8626,13,0,0,0,0,0,0,0,0,0,0,0
8627,6,0,0,0,0,0,0,0,0,0,0,0
8628,10,0,0,0,0,0,0,0,0,0,0,0
8629,195,0,0,0,0,0,0,0,0,0,0,0
8630,16,0,0,0,0,0,0,0,0,0,0,0
8632,3,0,0,0,0,0,0,0,0,0,0,0
8642,14,0,0,0,0,0,0,0,0,0,0,0
8645,6,0,0,0,0,0,0,0,0,0,0,0
8647,37,0,0,0,0,0,0,0,0,0,0,0
8649,10,0,0,0,0,0,0,0,0,0,0,0
8651,10,0,0,0,0,0,0,0,0,0,0,0
8652,16,0,0,0,0,0,0,0,0,0,0,0
8653,417,0,0,0,0,0,0,0,0,0,0,0
8654,13,0,0,0,0,0,0,0,0,0,0,0
8655,4,0,0,0,0,0,0,0,0,0,0,0
8658,3,0,0,0,0,0,0,0,0,0,0,0
8673,2,0,0,0,0,0,0,0,0,0,0,0
8678,6,0,0,0,0,0,0,0,0,0,0,0
8679,12,0,0,0,0,0,0,0,0,0,0,0
8680,83,0,0,0,0,0,0,0,0,0,0,0
8682,1,0,0,0,0,0,0,0,0,0,0,0
8683,43,0,0,0,0,0,0,0,0,0,0,0
8684,110,0,0,0,0,0,0,0,0,0,0,0
8685,20,0,0,0,0,0,0,0,0,0,0,0
8686,2,0,0,0,0,0,0,0,0,0,0,0
8687,5,0,0,0,0,0,0,0,0,0,0,0
8688,72,0,0,0,0,0,0,0,0,0,0,0
8689,16,0,0,0,0,0,0,0,0,0,0,0
8692,1,0,0,0,0,0,0,0,0,1,0,0
8696,1,0,0,0,0,0,0,0,0,0,0,0
8698,104,0,0,0,0,0,0,0,0,0,0,0
8701,7,0,0,0,0,0,0,0,0,0,0,0
8705,102,0,0,0,0,0,0,0,0,0,0,0
8706,1,0,0,0,0,0,0,0,0,0,0,0
8710,35,0,0,0,0,0,0,0,0,0,0,0
8712,19,0,0,0,0,0,0,0,0,0,0,0
8715,92,0,0,0,0,0,0,0,0,0,0,0
8716,512,0,0,0,0,0,0,0,0,0,0,0
8719,1,0,0,0,0,0,0,0,0,0,0,0
8720,3,0,0,0,0,0,0,0,0,0,0,0
8721,19,0,0,0,0,0,0,0,0,0,0,0
8733,13,0,0,0,0,0,0,0,0,0,0,0
8739,99,0,0,0,0,0,0,0,0,0,0,0
8740,45,0,0,0,0,0,0,0,0,0,0,0
8745,28,0,0,0,0,0,0,0,0,0,0,0
8746,163,0,0,0,0,0,0,0,0,0,0,0
8747,1,0,0,0,0,0,0,0,0,0,0,0
8749,3,0,0,0,0,0,0,0,0,0,0,0
8750,14,0,0,0,0,0,0,0,0,0,0,0
8751,8,0,0,0,0,0,0,0,0,0,0,0
8756,90,0,0,0,0,0,0,0,0,0,0,0
8757,1,0,0,0,0,0,0,0,0,0,0,0
8763,1,0,0,0,0,0,0,0,0,0,0,0
8764,19,0,0,0,0,0,0,0,0,0,0,0
8769,23,0,0,0,0,0,0,0,0,0,0,0
8771,9,0,0,0,0,0,0,0,0,0,0,0
8772,105,0,0,0,0,0,0,0,0,0,0,0
8779,15,0,0,0,0,0,0,0,0,0,0,0
8781,5,0,0,0,0,0,0,0,0,0,0,0
8785,1,0,0,0,0,0,0,0,0,0,0,0
8788,21,0,0,0,0,0,0,0,0,0,0,0
8792,4,0,0,0,0,0,0,0,0,0,0,0
8793,1,0,0,0,0,0,0,0,0,0,0,0
8796,45,0,0,0,0,0,0,0,0,0,0,0
8799,6,0,0,0,0,0,0,0,0,0,0,0
8800,107,0,0,0,0,0,0,0,0,0,0,0
8801,72,0,0,0,0,0,0,0,0,0,0,0
8802,19,0,0,0,0,0,0,0,0,0,0,0
8804,191,0,0,0,0,0,0,0,0,0,0,0
8805,1,0,0,0,0,0,0,0,0,0,0,0
8808,17,0,0,0,0,0,0,0,0,0,0,0
8810,95,0,0,0,0,0,0,0,0,0,0,0
8814,3,0,0,0,0,0,0,0,0,1,0,0
8815,24,0,0,0,0,0,0,0,0,0,0,0
8816,9,0,0,0,0,0,0,0,0,0,0,0
8817,18,0,0,0,0,0,0,0,0,0,0,0
8818,12,0,0,0,0,0,0,0,0,0,0,0
8820,51,0,0,0,0,0,0,0,0,0,0,0
8821,36,0,0,0,0,0,0,0,0,0,0,0
8822,852,0,0,0,0,0,0,0,0,0,0,0
8823,120,0,0,0,0,0,0,0,0,0,0,0
8824,77,0,0,0,0,0,0,0,0,0,0,0
8827,1,0,0,0,0,0,0,0,0,0,0,0
8828,14,0,0,0,0,0,0,0,0,0,0,0
8829,36,0,0,0,0,0,0,0,0,0,0,0
8830,47,0,0,0,0,0,0,0,0,0,0,0
8832,1,0,0,0,0,0,0,0,0,0,0,0
8834,115,0,0,0,0,0,0,0,0,0,0,0
8835,16,0,0,0,0,0,0,0,0,0,0,0
8836,70,0,0,0,0,0,0,0,0,0,0,0
8837,13,0,0,0,0,0,0,0,0,0,0,0
8838,1,0,0,0,0,0,0,0,0,0,0,0
8839,1,0,0,0,0,0,0,0,0,0,0,0
8840,11,0,0,0,0,0,0,0,0,0,0,0
8843,112,0,0,0,0,0,0,0,0,0,0,0
8844,201,0,0,0,0,0,0,0,0,0,0,0
8845,89,0,0,0,0,0,0,0,0,0,0,0
8847,1,0,0,0,0,0,0,0,0,0,0,0
8848,127,0,0,0,0,0,0,0,0,0,0,0
0,5237,1,0,0,58,0,0,0,2,0,0,7
